序号,职位,公司名称,公司地点,公司性质,薪资,学历要求,工作经验,公司规模,公司福利,发布时间
1,Application Architect: Java & Web Technologies,IBM China,北京-朝阳区,外资（欧美）,2-4万/月,本科,5-7年经验,1000-5000人,五险一金 商业医疗保险 年度体检 绩效奖金 带薪年病假 国际化平台 尊重多元包容 工作生活平衡,11-21
2,Java微服务开发工程师,日立意必锐科技（成都）有限责任公司,成都-高新区,外资（非欧美）,0.8-1.5万/月,本科,1年经验,50-150人,周末双休 五险一金 带薪年假 出国机会 健康福利 员工旅游 通讯补贴,11-21
3,JAVA软件工程师,上海软华网络信息有限公司,上海-闵行区,民营公司,1-1.5万/月,本科,2年经验,少于50人,五险一金 绩效奖金 餐饮补贴 节日福利 带薪年假 全勤奖 做五休二 高温补贴 周末双休,11-21
4,Java开发工程师,品冠物联科技有限公司,无锡-无锡新区,民营公司,1-1.5万/月,本科,2年经验,50-150人,周末双休 弹性工作 带薪年假 五险一金 绩效奖金 节日福利,11-21
5,Java开发工程师,青岛华凌科技有限公司,青岛-市北区,民营公司,1-1.5万/月,本科,3-4年经验,少于50人,五险一金 绩效奖金 节日福利 交通补贴 通讯补贴,11-21
6,Java高级程序员,南京普惠恒丰信息科技有限公司,南京,民营公司,2-2.5万/月,本科,3-4年经验,50-150人,五险一金 通讯补贴 餐饮补贴 加班补贴 绩效奖金 年终奖金,11-21
7,JAVA开发人员,天宇正清科技有限公司,郑州-管城回族区,民营公司,1-1.5万/月,大专,5-7年经验,500-1000人,五险一金 餐饮补贴 交通补贴 周末双休,11-21
8,Java高级开发工程师,西安创慧航天智能科技有限公司,西安-雁塔区,民营公司,1.2-1.8万/月,本科,5-7年经验,少于50人,五险一金 绩效奖金 定期体检 项目奖金 年终奖金,11-21
9,Java开发工程师（五险一金+双休+带薪年假）,武汉长江仪器自动化研究所有限公司,武汉-江岸区,国企,5-8千/月,大专,2年经验,少于50人,出国机会 五险一金 定期体检 年终奖金,11-21
10,软件工程师（Java）,上海遨问创业投资管理有限公司,上海-杨浦区,民营公司,1-2.5万/月,本科,1年经验,少于50人,五险一金 年终奖金 做五休二 带薪年假 节日福利 专业培训,11-21
11,Java开发工程师,优企创联信息技术有限公司,南京-建邺区,民营公司,1.2-2万/月,大专,3-4年经验,50-150人,做五休二 周末双休 全勤奖 节日福利 五险一金 员工旅游 弹性工作 专业培训,11-21
12,Java开发工程师,吉林省小河信息技术有限公司,长春-高新技术产业开发区,民营公司,3-6千/月,本科,2年经验,50-150人,五险一金 定期体检 节日福利 带薪年假 周六周日双休,11-21
13,Java高级开发工程师,江西源本浩科技有限公司,南昌,民营公司,1-1.5万/月,本科,3-4年经验,少于50人,五险一金 餐饮补贴 绩效奖金 带薪年假 周末双休 弹性工作 年终奖金 交通补贴 项目提成,11-21
14,Java开发工程师,江西微盛信息产业有限公司,南昌,民营公司,1-1.5万/月,大专,2年经验,少于50人,五险一金 交通补贴 通讯补贴 专业培训 绩效奖金 年终奖金 餐饮补贴 员工旅游 周末双休 出差补助,11-21
15,Java开发工程师,滁州开拓者信息科技有限公司,滁州,外资（非欧美）,6-8千/月,大专,2年经验,,,11-21
16,Java软件开发工程师,上海易爱网络技术有限公司,上海-浦东新区,合资,0.6-1万/月,本科,2年经验,少于50人,五险一金 员工旅游 出国机会 年终奖金 弹性工作 极少加班,11-21
17,Java开发工程师,西格玛软件（江苏）有限公司,镇江-润州区,民营公司,0.6-1万/月,本科,1年经验,少于50人,周末双休 五险一金 年终奖金 节日福利 加班补贴,11-21
18,Java开发工程师,珠海智城信息技术有限公司,珠海,民营公司,0.8-1万/月,大专,1年经验,50-150人,五险一金 周末双休,11-21
19,Java高级开发工程师,北京医大时代科技发展有限公司,北京-海淀区,国企,2-2.5万/月,本科,5-7年经验,少于50人,五险一金 交通补贴 通讯补贴 餐饮补贴 定期体检 弹性工作 年终奖金,11-21
20,JAVA开发工程师,上海魅伽网络科技有限公司,上海-浦东新区,民营公司,1.5-2万/月,大专,3-4年经验,50-150人,,11-21
21,Java开发工程师,江苏赛姆沃德工程技术有限公司,南京-江北新区,民营公司,0.9-1.8万/月,本科,2年经验,少于50人,,11-21
22,Java/Web开发工程师,上海理泊软件科技有限公司,上海-宝山区,民营公司,0.5-1万/月,大专,1年经验,50-150人,,11-21
23,Java开发工程师,江苏德高物联技术有限公司,南通-崇川区,民营公司,4-8千/月,本科,1年经验,150-500人,节日福利 年终奖金 高温补贴 出差补贴 五险一金,11-21
24,002java开发工程师,正方软件股份有限公司,杭州,民营公司,1.5-2万/月,本科,3-4年经验,,,11-21
25,002Java开发工程师,杭州格原信息技术有限公司,杭州,民营公司,4.5-6千/月,本科,2年经验,,,11-21
26,高级Java开发工程师,中关村空间信息产业技术联盟,北京,民营公司,2.5-4万/月,本科,5-7年经验,,,11-21
27,高级JAVA软件工程师（深圳）,深圳怡化电脑股份有限公司,深圳,民营公司,1.8-3万/月,大专,3-4年经验,,,11-21
28,Java开发工程师,深圳华智融科技股份有限公司,深圳,民营公司,1.1-2万/月,本科,3-4年经验,,,11-21
29,Java开发工程师,皓量科技（深圳）有限公司,深圳,民营公司,1.5-2万/月,大专,3-4年经验,,,11-21
30,JAVA开发工程师,深圳市创新源供应链集成有限公司,深圳,民营公司,1-2万/月,本科,3-4年经验,,,11-21
31,JAVA开发工程师（青岛）,深圳高新兴神盾信息技术有限公司,青岛,民营公司,1-2万/月,大专,3-4年经验,,,11-21
32,JAVA后端开发工程师,深圳市中达瑞和科技有限公司,深圳,民营公司,1.5-3万/月,本科,3-4年经验,,,11-21
33,Java开发工程师,深圳市东晟数据有限公司,深圳,民营公司,1.5-2万/月,大专,2年经验,,,11-21
34,java后端工程师,深圳沈鼓测控技术有限公司,深圳,民营公司,1.4-1.8万/月,本科,2年经验,,,11-21
35,JAVA软件开发工程师,深圳新美装饰建设集团有限公司,深圳,民营公司,1-1.5万/月,本科,1年经验,,,11-21
36,Java开发工程师,深圳壹零后信息技术有限公司,深圳,民营公司,1.5-2.5万/月,本科,3-4年经验,,,11-21
37,Java开发工程师,深圳市北辰德科技股份有限公司,南昌,民营公司,1-2万/月,本科,1年经验,,,11-21
38,java中级开发,深圳点筹农业供应链有限公司,深圳,民营公司,1.5-2万/月,本科,3-4年经验,,,11-21
39,java,深圳市先锋居善科技有限公司,深圳,民营公司,1-1.5万/月,本科,1年经验,,,11-21
40,Java开发工程师,深圳高新区信息网有限公司,深圳,民营公司,1-1.5万/月,本科,1年经验,,,11-21
41,中级JAVA开发工程师,深圳多智云技术有限公司,深圳,民营公司,1.5-2万/月,本科,5-7年经验,,,11-21
42,Java后端开发工程师,昇腾技术（深圳）有限公司,深圳,外资（非欧美）,1.5-2万/月,本科,1年经验,,,11-21
43,中级Java开发工程师,深圳市永兴元科技股份有限公司,深圳,民营公司,1.5-2万/月,大专,5-7年经验,,,11-21
44,java开发工程师,上海喆塔信息科技有限公司,合肥,民营公司,1.5-2万/月,本科,3-4年经验,,,11-21
45,JAVA工程师,北京海科融通支付服务有限公司,北京,民营公司,1-1.5万/月,本科,无需经验,,,11-21
46,002java后端开发工程师,苏州航天系统工程有限公司,苏州,民营公司,1-1.2万/月,本科,1年经验,,,11-21
47,Java 开发工程师,天津联想协同科技有限公司,天津,民营公司,0.8-1万/月,本科,无需经验,,,11-21
48,高级Java工程师 (出差）,神州数码系统集成服务有限公司深圳分公司,广州-天河区,民营公司,1.5-2.5万/月,本科,3-4年经验,10000人以上,五险一金 餐饮补贴 通讯补贴 定期体检,11-21
49,Java高级开发工程师,神州数码系统集成服务有限公司西安分公司,无锡-锡山区,上市公司,1.5-2万/月,本科,2年经验,500-1000人,五险一金 通讯补贴 餐饮补贴 年终奖金 定期体检,11-21
50,Java开发工程师（双休）,深圳市雁联计算系统有限公司,深圳-福田区,合资,1.1-2万/月,本科,3-4年经验,1000-5000人,五险一金 绩效奖金 节日福利,11-21
51,Java高级开发工程师,襄阳智诚物联网科技有限公司,襄阳,合资,0.8-1.2万/月,大专,3-4年经验,50-150人,周末双休 五险 节假日福利 绩效奖金,11-21
52,Java开发工程师,深圳市搜了网络科技股份有限公司,深圳-南山区,上市公司,1.5-2万/月,本科,3-4年经验,150-500人,五险一金 员工旅游 专业培训 定期体检 员工活动 法定假日,11-21
53,JAVA开发技术总监,青岛海瑞达网络科技有限公司,青岛-市南区,民营公司,1.5-2万/月,招1人,2年经验,150-500人,五险一金 交通补贴 通讯补贴 餐饮补贴 绩效奖金 节日福利,11-21
54,软件工程师（JAVA）,上海宝信软件股份有限公司湛江分公司,湛江,国企,4.5-6千/月,本科,1年经验,50-150人,五险一金 专业培训 年终奖金 交通补贴 通讯补贴 餐饮补贴,11-21
55,Java资深开发工程师,中电科数智科技有限公司,上海-徐汇区,国企,22-32万/年,本科,3-4年经验,50-150人,五险一金 补充医疗保险 补充公积金 交通补贴 餐饮补贴 定期体检 年终奖金 高温津贴,11-21
56,Java开发工程师,上海澄码信息科技有限公司,上海-浦东新区,民营公司,1-1.6万/月,本科,2年经验,50-150人,餐饮补贴 五险一金 免费班车 年终奖金,11-21
57,Java开发工程师,北京网际威信科技有限公司,北京-海淀区,外资（非欧美）,1-1.5万/月,本科,1年经验,50-150人,五险一金 员工旅游 绩效奖金 年终奖金 定期体检,11-21
58,Java开发工程师,广东铭太信息科技有限公司,广州,民营公司,0.6-1.5万/月,本科,2年经验,150-500人,五险一金 专业培训 员工旅游 绩效奖金 餐饮补贴 交通补贴,11-21
59,Java中级开发工程师,上海海魄信息科技股份有限公司,上海-长宁区,民营公司,1-1.5万/月,大专,3-4年经验,50-150人,,11-21
60,Java高级开发工程师,中国电信集团系统集成有限责任公司海南分公司,海口-龙华区,民营公司,1-1.5万/月,本科,3-4年经验,,五险一金,11-21
61,Java高级研发工程师,无锡云鹊科技有限公司,无锡-无锡新区,民营公司,1.5-2.5万/月,本科,3-4年经验,少于50人,五险一金 绩效奖金 补充医疗保险 股票期权 餐饮补贴 年终奖金,11-21
62,Java中级开发工程师,厦门青叶软件股份有限公司,厦门-思明区,民营公司,1-1.5万/月,本科,2年经验,少于50人,,11-21
63,Java开发工程师,青岛易联万家科技有限公司南京分公司,南京-栖霞区,民营公司,1-1.7万/月,大专,3-4年经验,50-150人,五险一金 交通补贴 员工旅游 绩效奖金 弹性工作 定期体检,11-21
64,Java高级开发工程师,江苏优利信教育科技有限公司,无锡-江阴市,民营公司,1-2万/月,本科,3-4年经验,50-150人,五险一金 周末双休 年底双薪 节日福利 带薪年假 项目奖励 高温补贴,11-21
65,Java开发工程师,北京汉克时代科技有限公司,北京-通州区,民营公司,1.4-2万/月,大专,3-4年经验,1000-5000人,五险一金 员工旅游 专业培训 绩效奖金 年终奖金 定期体检 节日福利,11-21
66,Java开发工程师,上海至杰物联科技有限公司,上海-浦东新区,民营公司,0.8-1.8万/月,大专,2年经验,少于50人,,11-21
67,中级Java开发工程师(001223),畅捷通信息技术股份有限公司,北京-海淀区,上市公司,2-3万/月,本科,3-4年经验,500-1000人,年底双薪 带薪年假 交通补助 定期体检,11-21
68,Java开发工程师,遨博（江苏）机器人有限公司,苏州-工业园区,合资,0.8-1.5万/月,本科,2年经验,150-500人,五险一金 餐饮补贴 通讯补贴 定期体检 年终奖金 交通补贴,11-21
69,JAVA初级开发助理,雨浩科技（深圳）有限公司,深圳-宝安区,民营公司,6-8千/月,大专,无需经验,,五险一金 绩效奖金 年终奖金 员工旅游 出国机会,11-21
70,Java开发工程师,菏泽好品网络科技有限公司,济南,民营公司,6-8千/月,大专,2年经验,150-500人,五险一金 法定假日 周末单双休,11-21
71,Java中/高级开发工程师 全额五险一金 双休,深圳万科祥盈管理服务有限公司成都分公司,武汉-江汉区,民营公司,1.3-1.6万/月,本科,3-4年经验,,节日福利 周末双休 补充医疗保险 专业培训 绩效奖金,11-21
72,Java高级开发工程师,深圳市华付信息技术有限公司,深圳,民营公司,2-2.5万/月,本科,5-7年经验,,五险一金 绩效奖金 年终奖金 周末双休,11-21
73,Java开发工程师（后端）,河南蒂尔施化妆品有限公司,新乡,合资,6-8千/月,大专,3-4年经验,,,11-21
74,高级Java开发工程师,武汉格蓝若智能技术有限公司,武汉-东湖新技术产业开发区,民营公司,1.4-1.7万/月,本科,5-7年经验,150-500人,五险一金 年终奖金 员工旅游 项目奖金 定期体检 绩效奖金 定期团建 免费班车 带薪年假 餐补交补,11-21
75,java 开发工程师,深圳市智布互联纺织科技有限公司,深圳-南山区,合资,1.6-3万/月,本科,3-4年经验,500-1000人,绩效奖金 节日福利 年终奖金 餐饮补贴 交通补贴 商业保险 全勤奖 五险一金,11-21
76,Java高级开发工程师,山东大通前沿电子科技股份有限公司,济南-历下区,民营公司,0.7-1.3万/月,本科,3-4年经验,少于50人,五险一金 绩效奖金 专业培训 通讯补贴 年终奖金,11-21
77,Java全栈开发工程师,广州上智一号创意园有限公司,广州-花都区,民营公司,1-1.5万/月,本科,2年经验,少于50人,年终奖金 包吃 包住宿 全勤奖 高温补贴 社保 绩效奖金,11-21
78,Java开发工程师,重庆谦雅科技有限公司,重庆-九龙坡区,民营公司,0.8-1.2万/月,大专,2年经验,50-150人,五险一金 员工旅游 餐饮补贴 年终奖金 绩效奖金 专业培训,11-21
79,Java开发工程师,福建民本信息科技有限公司,福州-台江区,民营公司,7-9千/月,大专,1年经验,150-500人,五险 全勤奖 交通补贴 高温补贴 带薪年假 年终奖金 节日福利 餐饮补贴,11-21
80,Java开发工程师,深圳市睿服科技有限公司,广州-天河区,民营公司,1.3-1.7万/月,本科,3-4年经验,500-1000人,,11-21
81,Java开发工程师,深圳市海博智业管理咨询有限公司成都分公司,成都-高新区,民营公司,0.8-1.5万/月,本科,1年经验,50-150人,五险一金 交通补贴 绩效奖金 年终奖金 餐饮补贴 通讯补贴 定期体检 补充医疗保险,11-21
82,Java开发工程师,西本新干线股份有限公司,上海-虹口区,民营公司,1.5-2万/月,本科,2年经验,50-150人,五险一金 餐饮补贴,11-21
83,Java开发工程师,广州甲由科技有限公司,广州-荔湾区,民营公司,0.8-1.5万/月,大专,2年经验,少于50人,,11-21
84,java全栈工程师,广州璐华信息技术有限公司,广州-天河区,民营公司,1-1.5万/月,本科,2年经验,少于50人,五险一金 补充医疗保险 弹性工作 交通补贴 周末双休 年终奖金,11-21
85,Java开发工程师,湖南皇爷食品有限公司,湘潭,民营公司,0.6-1万/月,大专,3-4年经验,5000-10000人,带薪年假 五险一金 包吃包住 绩效奖金 节日福利 专业培训,11-21
86,Java高级工程师,上海清序科技有限公司,上海-徐汇区,民营公司,2-2.5万/月,本科,3-4年经验,,,11-21
87,Java后端开发工程师,武汉微晶石科技股份有限公司,武汉-江岸区,民营公司,0.8-1.6万/月,本科,2年经验,50-150人,包住 五险一金 员工旅游 专业培训 绩效奖金 年终奖金 股票期权 定期体检,11-21
88,JAVA中高级工程师,深圳市松鼠教育科技有限公司,深圳-福田区,民营公司,1.8-2.5万/月,本科,3-4年经验,500-1000人,五险一金 员工旅游 绩效奖金 年终奖金 弹性工作,11-21
89,Java开发工程师,深圳市金城保密技术有限公司,深圳,民营公司,0.8-1万/月,大专,3-4年经验,,,11-21
90,JAVA工程师,深圳市前海晨供应链管理有限公司,深圳,合资,0.9-1.5万/月,本科,3-4年经验,,,11-21
91,Java开发工程师,无锡鼎洲电子科技有限公司,无锡-滨湖区,民营公司,1-1.5万/月,本科,3-4年经验,50-150人,五险一金 绩效奖金 节日福利 餐饮补贴 通讯补贴,11-21
92,Java开发工程师,苏州艾科锐特生物医学科技有限公司,苏州,民营公司,0.8-1.7万/月,大专,2年经验,50-150人,五险一金 餐饮补贴 专业培训 年终奖金 弹性工作,11-21
93,Java开发工程师,深圳市六度人和科技有限公司,深圳,民营公司,1.5-2.5万/月,本科,3-4年经验,,,11-21
94,java开发岗,富德保险控股股份有限公司,深圳,民营公司,1.2-1.8万/月,本科,3-4年经验,,,11-21
95,Java开发工程师,浙江星汉信息技术股份有限公司,杭州-西湖区,民营公司,0.6-1.2万/月,大专,1年经验,150-500人,五险一金 绩效奖金 年终奖金 专业培训 定期体检 带薪年假 节日福利 周末双休 股票期权,11-21
96,Java开发工程师,深圳深创建控股集团有限公司,深圳,民营公司,0.9-1.3万/月,招2人,1年经验,,,11-21
97,Java服务器开发工程师,深圳市迷你玩科技有限公司,深圳,民营公司,3-4万/月,本科,5-7年经验,,,11-21
98,Java开发工程师,广州市九巢信息科技有限公司,广州-番禺区,民营公司,6-8千/月,大专,1年经验,少于50人,,11-21
99,Java开发工程师,摩比可可（深圳）网络科技有限公司,深圳,民营公司,1-1.5万/月,本科,2年经验,,,11-21
100,软件工程师（JAVA）,深圳市云房网络科技有限公司大冲分公司,深圳,民营公司,1.2-2万/月,本科,3-4年经验,,,11-21
101,高级JAVA开发工程师,深圳程信达科技有限公司,深圳,民营公司,1.2-2.4万/月,本科,2年经验,,,11-21
102,002Java工程师,小鹿腾云（苏州）信息科技有限公司,苏州,民营公司,1-2万/月,本科,5-7年经验,,,11-21
103,JAVA开发工程师,中饮巴比食品股份有限公司,上海,民营公司,1-1.5万/月,大专,2年经验,,,11-21
104,高级java开发工程师,上海森松制药设备工程有限公司,上海,外资（非欧美）,1-1.5万/月,本科,3-4年经验,,,11-21
105,Java开发工程师,深圳市紫川软件有限公司,成都-锦江区,民营公司,1-2万/月,大专,3-4年经验,500-1000人,五险一金 员工旅游 定期体检 年终奖金,11-21
106,Java高级开发工程师,杭州奥博信息技术有限公司,杭州-滨江区,民营公司,1.5-2.1万/月,本科,5-7年经验,少于50人,五险一金 餐饮补贴 年终奖金,11-21
107,JAVA开发人员,湖北互得科技有限公司,襄阳,民营公司,0.6-1.2万/月,大专,1年经验,少于50人,五险一金 员工旅游 绩效奖金 年终奖金,11-21
108,Java中高级工程师,佛山市淇特科技有限公司,广州-天河区,民营公司,1.5-2万/月,大专,3-4年经验,500-1000人,,11-21
109,高级java开发工程师,郑州深蓝电子有限公司,郑州,民营公司,1-1.5万/月,本科,3-4年经验,少于50人,五险一金 员工旅游 餐饮补贴 年终奖金,11-21
110,Java高级研发工程师（杭州）,上海杏和软件有限公司,杭州-滨江区,民营公司,2.2-3.2万/月,本科,5-7年经验,150-500人,五险一金 绩效奖金 员工旅游 餐饮补贴 通讯补贴 年终奖金,11-21
111,Java开发工程师（五险一金双休）,山东天地通数码科技有限公司,济南-高新区,民营公司,0.8-1万/月,大专,2年经验,50-150人,五险一金 节日福利 年终奖金 聚餐活动 员工旅游 文体活动 法定假日 周末双休,11-21
112,Java技术经理,广州立趣信息科技有限公司,广州-天河区,民营公司,1.5-2万/月,本科,3-4年经验,少于50人,五险一金 年终奖金 弹性工作 定期体检 餐饮补贴 通讯补贴 交通补贴 绩效奖金,11-21
113,高级Java开发工程师,上海亿通国际股份有限公司,上海,国企,1.6-2.3万/月,本科,5-7年经验,150-500人,五险一金 补充医疗保险 交通补贴 餐饮补贴 通讯补贴 专业培训 年终奖金 绩效奖金 定期体检,11-21
114,Java开发工程师,承启通（福建）科技有限公司,福州-鼓楼区,民营公司,1-1.5万/月,本科,3-4年经验,50-150人,,11-21
115,Java开发工程师,河南南山方略网络科技有限公司,郑州-金水区,民营公司,4-6千/月,本科,2年经验,少于50人,五险一金 员工旅游 交通补贴 通讯补贴 绩效奖金,11-21
116,JAVA开发组长,中健云康（广州）物流供应链有限公司,广州-番禺区,民营公司,1.2-1.5万/月,本科,3-4年经验,150-500人,通讯补贴 年终奖金 员工旅游 五险一金 加班补贴 节日福利 做五休二 带薪年假,11-21
117,JAVA开发工程师,上海智楹机器人科技有限公司,上海-浦东新区,民营公司,1.5-3万/月,本科,3-4年经验,150-500人,五险一金 节日福利 餐饮补贴 交通补贴 定期体检 年终奖金 高温补贴,11-21
118,软件工程师JAVA,江苏新道格自控科技有限公司,无锡,国企,0.8-1万/月,本科,2年经验,,,11-21
119,Java开发工程师,南京简智达信息科技有限公司,南京-浦口区,创业公司,0.8-1万/月,大专,2年经验,少于50人,五险一金 绩效奖金 年终奖金 餐饮补贴,11-21
120,Java软件工程师,常州赛瑞克包装机械有限公司,常州,民营公司,0.8-1万/月,大专,3-4年经验,50-150人,,11-21
121,Java开发/Android开发工程师,青岛科信安全技术有限公司,青岛-崂山区,民营公司,1-1.5万/月,大专,5-7年经验,少于50人,五险一金 餐饮补贴 通讯补贴 绩效奖金 交通补贴 员工旅游 公司聚餐 高底薪高提成 周末双休,11-21
122,高级java开发工程师,南京众仓科技有限公司,南京-栖霞区,民营公司,1.8-3万/月,本科,5-7年经验,少于50人,周末双休 五险一金 餐饮补贴 交通补贴 弹性工作 绩效奖金 年终奖金,11-21
123,Java开发工程师,重庆云之佳科技股份有限公司,重庆-渝北区,民营公司,0.5-1万/月,本科,1年经验,50-150人,五险一金 交通补贴 餐饮补贴 通讯补贴 绩效奖金 年终奖金 股票期权 周末双休,11-21
124,JAVA开发工程师,每利控股,沈阳,民营公司,5-7千/月,大专,3-4年经验,150-500人,五险一金 员工旅游 专业培训 出国机会 绩效奖金 年终奖金 股票期权 定期体检,11-21
125,JAVA研发工程师,杭州创谐信息技术股份有限公司,杭州-滨江区,民营公司,1-2万/月,本科,3-4年经验,50-150人,五险一金 员工旅游 绩效奖金 餐饮补贴 股票期权 年终奖金 弹性工作,11-21
126,Java开发工程师,西安创芯软件有限公司,西安-高新技术产业开发区,民营公司,1-1.5万/月,本科,2年经验,少于50人,,11-21
127,Java研发工程师,武汉凯默电气有限公司,武汉-江夏区,民营公司,1-1.5万/月,本科,3-4年经验,50-150人,五险一金 专业培训 年终奖金 员工旅游 定期体检 17薪,11-21
128,钉钉(DingTalk)-Java高级开发工程师-智能人事,阿里巴巴集团,杭州,上市公司,,本科,2年经验,10000人以上,,11-21
129,19332-产业互联网Java高级开发工程师,深圳市腾讯计算机系统有限公司,上海-徐汇区,民营公司,3-6万/月,本科,5-7年经验,10000人以上,,11-21
130,Java 研发工程师,富泰华工业（深圳）有限公司,深圳-南山区,外资（非欧美）,1.3-2.5万/月,本科,3-4年经验,10000人以上,五险一金 绩效奖金 带薪年假 年终奖金 免费体检 节日福利 免费班车 定期体检 提供住宿 专业培训,11-21
131,对日Java工程师 (MJ000109),松下信息系統（上海）有限公司,无锡,外资（非欧美）,1-2万/月,本科,5-7年经验,150-500人,全额加班费 五险一金 补充医疗保险 员工旅游 出国机会 专业培训 交通补贴 定期体检 年终奖金 绩效奖金,11-21
132,中高级Java开发（五险一金+双休）,中软国际科技服务有限公司,成都,合资,1.2-1.7万/月,大专,2年经验,10000人以上,五险一金 定期体检 年终奖金 加班补贴 周末双休 交通便利,11-21
133,java开发中级工程师,申通快递有限公司,上海-青浦区,上市公司,1.5-2.5万/月,招7人,3-4年经验,10000人以上,五险一金 节日福利,11-21
134,Java高级开发工程师,神州数码信息服务股份有限公司,北京-朝阳区,上市公司,1.2-2万/月,大专,5-7年经验,5000-10000人,,11-21
135,JAVA(初级-高级),武汉佰钧成技术有限责任公司,北京-西城区,民营公司,1-1.7万/月,大专,3-4年经验,10000人以上,五险一金 弹性工作 定期体检,11-21
136,Java开发工程师,大连亿达信息技术有限公司深圳分公司,佛山-顺德区,民营公司,1.1-1.8万/月,大专,3-4年经验,500-1000人,六险一金 年终奖金 定期体检 弹性工作 节假日福利,11-21
137,中级Java开发工程师（EAS，SHR，苍穹）,金蝶软件（中国）有限公司武汉分公司,武汉,上市公司,0.5-1万/月,本科,2年经验,50-150人,五险一金 定期体检 年终奖金 交通补贴 通讯补贴 弹性工作,11-21
138,Java开发工程师,金蝶软件(中国）有限公司福州分公司,福州-仓山区,上市公司,1-1.5万/月,本科,2年经验,50-150人,五险一金 年终奖金 通讯补贴 定期体检,11-21
139,java开发工程师,国衡智慧（广东）科技有限公司,北京-海淀区,民营公司,5-7千/月,大专,1年经验,,五险一金 交通补贴 餐饮补贴 专业培训 年终奖金,11-21
140,Java开发工程师,浙江心思智能科技有限公司,温州-龙湾区,民营公司,0.8-1万/月,本科,3-4年经验,150-500人,五险一金 员工旅游 专业培训 定期体检 年终奖金 全勤奖 周末双休,11-21
141,中级Java开发工程师（上海）,银雁科技服务集团股份有限公司,上海,民营公司,1.5-2万/月,本科,3-4年经验,10000人以上,,11-21
142,Java开发工程师,深圳聚物网络科技有限公司,深圳-南山区,民营公司,0.9-1.8万/月,本科,3-4年经验,50-150人,五险一金 员工旅游 绩效奖金 年终奖金 定期体检,11-21
143,资深Java开发工程师,江苏智臻能源科技有限公司,南京-江宁区,民营公司,20-30万/年,本科,3-4年经验,50-150人,五险一金 交通补贴 餐饮补贴 通讯补贴 绩效奖金 弹性工作 员工旅游 定期体检 年终奖金,11-21
144,Java中级开发工程师,成都天晟云信息技术有限公司,成都-高新区,民营公司,1-1.5万/月,大专,3-4年经验,50-150人,五险一金 专业培训 绩效奖金 年终奖金 弹性工作,11-21
145,Java高级开发工程师,苏州水云境科技有限公司,苏州-高新区,创业公司,1.5-2万/月,本科,5-7年经验,50-150人,五险一金 年终奖金 通讯补贴,11-21
146,Java开发工程师,武汉鸿羽信息技术有限公司,武汉-江岸区,民营公司,0.6-1.1万/月,本科,2年经验,50-150人,五险一金 补充医疗保险 年终奖金,11-21
147,Java开发工程师,合肥中科融道智能科技有限公司,合肥-肥西县,民营公司,0.7-1.4万/月,本科,1年经验,少于50人,五险一金 员工旅游 年终奖金 餐饮补贴 通讯补贴 定期体检,11-21
148,Java开发工程师,上海何伟安防科技有限公司,上海-宝山区,民营公司,1.5-2万/月,大专,5-7年经验,50-150人,免费班车 交通补贴 餐饮补贴 通讯补贴 专业培训 绩效奖金,11-21
149,JAVA工程师,石家庄青番信息技术有限公司,石家庄-桥西区,民营公司,1-1.5万/月,本科,1年经验,少于50人,员工旅游 交通补贴 年终奖金 绩效奖金 定期体检 弹性工作 五险一金,11-21
150,Java开发工程师,安徽安必生信息科技有限公司,合肥,民营公司,0.7-1万/月,招4人,2年经验,少于50人,五险一金 交通补贴 餐饮补贴 通讯补贴 绩效奖金 年终奖金 节假日福利,11-21
151,JAVA开发工程师/系统开发工程师,广东省南方名牌农产品推进中心,广州,非营利组织,1-1.5万/月,本科,2年经验,50-150人,五险一金 绩效奖金 节日福利,11-21
152,Java中级开发工程师,杭州驿德科技有限公司,杭州-萧山区,民营公司,1.2-2万/月,本科,3-4年经验,少于50人,五险一金 年终奖金,11-21
153,Java开发工程师,苏州绿叶日用品有限公司,苏州-高新区,民营公司,1.2-1.8万/月,本科,3-4年经验,1000-5000人,五险一金 员工旅游 带薪年假 绩效奖金 做五休二 专业培训 年终分红 免费班车 免费工作餐,11-21
154,Java开发工程师,北京安富通科技有限公司,北京-昌平区,民营公司,0.9-1.5万/月,大专,2年经验,少于50人,五险一金 餐饮补贴,11-21
155,Java后端开发工程师（有工业企业经历）,苏州协同创新智能制造装备有限公司,苏州-吴中区,民营公司,1.5-2万/月,本科,2年经验,150-500人,周末双休 弹性工作 带薪年假 五险一金 包吃 绩效奖金,11-21
156,Java开发工程师,贵州鑫智联科技有限公司,贵阳,民营公司,0.7-1万/月,大专,2年经验,少于50人,五险一金 绩效奖金 周末双休 带薪年假,11-21
157,Java开发工程师,上海励齿医疗科技有限公司,上海-徐汇区,外资（非欧美）,1.3-2.5万/月,本科,3-4年经验,50-150人,做五休二 带薪年假 五险一金 绩效奖金 节日福利 专业培训 补充医疗保险 海外旅游,11-21
158,Java开发工程师,江苏东方国信工业互联网有限公司,无锡-锡山区,民营公司,0.8-1.4万/月,本科,2年经验,少于50人,五险一金 周末双休 餐饮补贴 绩效奖金 年终奖金 定期体检 13薪,11-21
159,Java开发工程师,深圳瑞莱保核能技术发展有限公司,连云港,民营公司,0.6-1万/月,大专,2年经验,500-1000人,五险一金 交通补贴 餐饮补贴 年终奖金 定期体检 员工旅游 周末双休 绩效奖金 年休假,11-21
160,JAVA工程师,杭州百图科技有限公司,杭州-西湖区,民营公司,0.8-1.2万/月,大专,2年经验,少于50人,五险一金 年终奖金 周末双休 生日福利 团建 下午茶,11-21
161,Java开发工程师,江西科晨洪兴信息技术有限公司,南昌-青山湖区,国企,0.6-1.2万/月,大专,2年经验,150-500人,,11-21
162,高级Java研发工程师,江苏汇蓝教育投资有限公司,无锡,外资（欧美）,1.2-1.8万/月,本科,3-4年经验,,五险一金 交通补贴 餐饮补贴 专业培训 通讯补贴 绩效奖金 年终奖金 补充医疗保险,11-21
163,java高级开发（银行）,维恩贝特科技有限公司,深圳-福田区,民营公司,1-1.5万/月,本科,2年经验,500-1000人,五险一金 定期体检 年终奖金 员工旅游,11-21
164,java开发工程师,杭州鑫豪网络科技有限公司,杭州-余杭区,民营公司,1.5-2万/月,本科,无需经验,少于50人,专业培训 节日福利 全勤奖 不定期下午茶 不定期聚餐,11-21
165,Java资深开发工程师,深圳市题王科技有限公司,深圳-福田区,民营公司,1.5-2.5万/月,大专,3-4年经验,少于50人,五险一金 年终奖金 定期体检 绩效奖金,11-21
166,Java高级开发工程师,沈阳侃侃科技有限公司,沈阳-于洪区,民营公司,5-8千/月,大专,5-7年经验,少于50人,五险 团队聚餐 员工旅游,11-21
167,高级java工程师（技术经理）,亚信科技OBC,重庆-渝北区,民营公司,1.8-2.9万/月,本科,5-7年经验,10000人以上,,11-21
168,高级java工程师（技术经理）,亚信在线BIU,北京-海淀区,合资,2-2.9万/月,本科,5-7年经验,10000人以上,周末双休 五险一金,11-21
169,JAVA架构师,江苏南大环保科技有限公司,南京,国企,1-1.5万/月,本科,3-4年经验,150-500人,,11-21
170,Java高级开发工程师,深圳市维度数据科技股份有限公司,深圳-罗湖区,上市公司,1.8-2.8万/月,本科,3-4年经验,150-500人,五险一金 节日福利 带薪年假 员工旅游 定期体检 年底双薪 项目奖金 婚庆礼金 生育礼金 员工持股计划,11-21
171,Java开发工程师,重庆惠科金渝光电科技有限公司,重庆-巴南区,民营公司,0.6-1.2万/月,大专,2年经验,1000-5000人,五险一金 员工旅游 免费班车 专业培训 绩效奖金 年终奖金 包吃包住,11-21
172,java初级开发工程师,深圳市中深科技管理有限公司,深圳-罗湖区,民营公司,1-1.8万/月,大专,3-4年经验,,五险一金 专业培训,11-21
173,Java架构师,上海时觉物联网科技有限公司,上海-黄浦区,民营公司,2-3.5万/月,本科,5-7年经验,少于50人,五险一金 员工旅游 绩效奖金,11-21
174,Java开发工程师,中科创达软件股份有限公司,深圳-福田区,上市公司,1.5-2万/月,本科,5-7年经验,5000-10000人,五险一金 补充医疗保险 周末双休 带薪年假 定期体检 绩效奖金 节日福利,11-21
175,Java开发工程师,深圳市德科信息技术有限公司,深圳-宝安区,合资,1.8-2.2万/月,本科,3-4年经验,1000-5000人,五险一金 年终奖金 节日福利 绩效奖金,11-21
176,Java后端开发工程师,眉山环天智慧科技有限公司,眉山,国企,2-2.5万/月,本科,3-4年经验,150-500人,五险一金 餐饮补贴 专业培训 绩效奖金 年终奖金 定期体检 节日福利 团队建设 工作氛围好 发展前景,11-21
177,Java中级开发工程师,北京开科唯识技术股份有限公司,柳州-城中区,合资,1.1-1.8万/月,大专,2年经验,1000-5000人,五险一金 弹性工作 股票期权 年终奖金 绩效奖金 定期体检 交通补贴 补充公积金 餐饮补贴,11-21
178,Java开发（成都）,北京同达合创信息技术有限公司,成都-高新区,创业公司,0.8-1.5万/月,大专,2年经验,50-150人,五险一金 出国机会 出差补贴 餐饮补贴,11-21
179,Java开发经理,深圳市墨者安全科技有限公司,深圳-南山区,民营公司,3-4万/月,本科,10年以上经验,少于50人,五险一金 员工旅游 年终奖金 弹性工作 定期体检 绩效奖金,11-21
180,JAVA开发工程师(J10065),上海派拉软件股份有限公司,上海-浦东新区,民营公司,1-1.5万/月,大专,1年经验,500-1000人,五险一金 补充医疗保险 员工旅游 专业培训 餐饮补贴 年终奖金 弹性工作 定期体检,11-21
181,Java开发工程师,上海同是科技股份有限公司,上海-闵行区,民营公司,2-2.5万/月,本科,3-4年经验,150-500人,五险一金 交通补贴 餐饮补贴 通讯补贴 年终奖金,11-21
182,Java开发工程师,深圳中顺易金融服务有限公司,上海-浦东新区,合资,2-3万/月,大专,3-4年经验,150-500人,餐饮补贴 通讯补贴 弹性工作 定期体检 五险一金,11-21
183,Java高级开发工程师,安徽金亚太智能网络技术有限公司,合肥-高新区,民营公司,1.5-2.3万/月,大专,3-4年经验,150-500人,,11-21
184,JAVA工程师,苏州万仕恒人力资源服务有限公司,合肥-蜀山区,合资,1-1.8万/月,大专,3-4年经验,150-500人,绩效奖金 节日福利 专业培训 通讯补贴 五险一金 定期体检 弹性工作 年终奖金 员工旅游 股票期权,11-21
185,Java开发工程师,江苏米途信息科技有限公司,南京-雨花台区,民营公司,1-1.5万/月,大专,2年经验,少于50人,,11-21
186,JAVA开发工程师（互联网+教育行业）,广东德诚科教有限公司,广州,民营公司,5-7千/月,本科,1年经验,150-500人,股票期权 拟上市公司 互联网教育 年终奖金 定期体检 带薪假期 职称技能奖励 学历提升奖励 员工父母旅游 社会保险,11-21
187,中级Java工程师,深圳市联之有物智能科技有限公司,深圳-福田区,民营公司,1.5-2万/月,本科,3-4年经验,,,11-21
188,初级Java工程师,长沙哈希科技有限公司,长沙-岳麓区,民营公司,6-8千/月,本科,1年经验,少于50人,,11-21
189,Java开发工程师,深圳市同和信息技术有限公司,深圳-南山区,民营公司,1-1.9万/月,大专,3-4年经验,500-1000人,,11-21
190,Java开发工程师,江苏汉云智数科技有限公司,苏州,外资（非欧美）,6-8千/月,大专,无需经验,50-150人,五险一金 员工旅游 绩效奖金 年终奖金 餐饮补贴,11-21
191,Java开发工程师,北京清环智慧水务科技有限公司,武汉-洪山区,民营公司,1-2万/月,本科,3-4年经验,50-150人,五险一金 员工旅游 年终奖金 定期体检 通讯补贴,11-21
192,Java初级开发工程师,深圳市华夏龙供应链管理有限公司,深圳-福田区,民营公司,0.7-1万/月,大专,1年经验,150-500人,绩效奖金 包住宿 节日福利 专业培训,11-21
193,中高级java研发工程师,论客科技（广州）有限公司,广州-番禺区,外资（非欧美）,1.5-2万/月,本科,5-7年经验,150-500人,专业培训 朝九晚六 实习证明 定期下午茶,11-21
194,JAVA开发工程师,富德生命人寿保险股份有限公司,深圳-龙岗区,民营公司,1-1.5万/月,本科,3-4年经验,1000-5000人,五险一金 员工旅游 年终奖金 绩效奖金 周末双休 做五休二,11-21
195,Java开发工程师,天津市赛鸣科技有限公司,天津-西青区,民营公司,1-1.5万/月,本科,5-7年经验,,,11-21
196,Java开发工程师,易商惠众（北京）科技有限公司,北京-朝阳区,民营公司,1.8-2.8万/月,本科,3-4年经验,少于50人,五险一金 周末双休 节日福利 生日福利,11-21
197,Java高级开发工程师,陕西正华信息技术有限公司,西安-未央区,民营公司,6-8千/月,本科,3-4年经验,少于50人,,11-21
198,Java开发工程师,北京禧云信息科技有限公司,秦皇岛,民营公司,0.8-1万/月,大专,3-4年经验,150-500人,五险一金 通讯补贴 年终奖金 绩效奖金,11-21
199,Java开发工程师,东莞高伟光学电子有限公司,东莞,外资（非欧美）,0.6-1.2万/月,大专,1年经验,5000-10000人,免费班车 年终奖金 专业培训 定期体检 包三餐 包住宿 五险一金,11-21
200,Java开发工程师,上海润和信息技术服务有限公司,长沙,上市公司,1.1-1.6万/月,本科,3-4年经验,1000-5000人,五险一金 补充医疗保险 年终奖金 定期体检 绩效奖金 通讯补贴,11-21
201,Java开发工程师,武汉光庭信息技术股份有限公司,重庆,民营公司,1-1.5万/月,大专,5-7年经验,1000-5000人,五险一金 专业培训 出国机会 绩效奖金 年终奖金 股票期权 定期体检 弹性工作,11-21
202,java高级工程师,兰州七度数聚技术有限公司,兰州-安宁区,民营公司,6-8千/月,本科,3-4年经验,少于50人,,11-21
203,Java开发工程师——医疗,朗森特科技有限公司,扬州-邗江区,民营公司,1.2-2.2万/月,大专,5-7年经验,150-500人,,11-21
204,Java开发资深工程师,江苏瑞丰信息技术股份有限公司,南京-建邺区,民营公司,1.3-1.8万/月,大专,5-7年经验,150-500人,五险一金 节日福利 专业培训 绩效奖金 周末双休,11-21
205,后端Java开发工程师-成方云,苏州高铁新城人力资源管理有限公司,苏州-相城区,国企,1.1-2万/月,本科,1年经验,50-150人,,11-21
206,Java开发工程师（长沙）,北京数字政通科技股份有限公司武汉分公司,长沙,上市公司,1-1.5万/月,本科,2年经验,1000-5000人,弹性工作 绩效奖金,11-21
207,Java开发工程师（青岛）,北斗天地股份有限公司,青岛-黄岛区,国企,0.8-1.5万/月,本科,3-4年经验,150-500人,五险一金 交通补贴 餐饮补贴 定期体检 绩效奖金,11-21
208,500强企业java开发,同方鼎欣科技股份有限公司,北京-朝阳区,上市公司,1.5-2万/月,本科,5-7年经验,1000-5000人,五险一金 补充医疗保险 年终奖金 定期体检,11-21
209,Java开发工程师,上海易立德信息技术股份有限公司,上海-浦东新区,民营公司,2-2.5万/月,大专,3-4年经验,1000-5000人,年终奖金 五险一金 绩效奖金,11-21
210,Java开发工程师,辽宁龙慧网络科技有限公司,丹东,民营公司,6-8千/月,大专,3-4年经验,少于50人,,11-21
211,Java开发实习生,浙江蕙康科技有限公司,宁波-高新区,民营公司,3-4.5千/月,本科,无需经验,少于50人,周末双休 五险一金 弹性工作 带薪年假 绩效奖金 节日福利 餐饮补贴 加班补贴 高温补贴 14薪,11-21
212,java开发工程师,福建省昊彤网络科技有限公司,福州-鼓楼区,民营公司,4.5-6千/月,大专,1年经验,少于50人,五险一金 年终奖金,11-21
213,java开发工程师（偏全栈）,博彦科技股份有限公司,北京-海淀区,外资（欧美）,1.3-1.8万/月,本科,2年经验,10000人以上,,11-21
214,JAVA开发组长,上海陆浦投资管理集团有限公司,上海-浦东新区,合资,2.5-3.5万/月,本科,5-7年经验,500-1000人,五险一金 专业培训 绩效奖金 年终奖金 定期体检,11-21
215,Java开发工程师,深圳市皇家金盾智能科技有限公司,深圳-龙岗区,民营公司,1.5-2万/月,本科,2年经验,150-500人,绩效奖金 股票期权 通讯补贴 员工旅游 定期体检 免费班车,11-21
216,JAVA开发工程师,北京联龙博通电子商务技术有限公司,杭州-滨江区,民营公司,1.1-1.8万/月,本科,2年经验,1000-5000人,五险一金 餐饮补贴 通讯补贴 绩效奖金 年终奖金 交通补贴 员工旅游 定期体检 专业培训,11-21
217,Java高级开发工程师,大连浮点科技有限公司,上海-杨浦区,民营公司,1-2万/月,大专,3-4年经验,150-500人,,11-21
218,中高级JAVA开发工程师（甲方+非外派）,上海创蓝云智信息科技股份有限公司,上海-松江区,民营公司,2-3.5万/月,本科,3-4年经验,500-1000人,五险一金 员工旅游 定期体检 住房补贴 绩效奖金 专业培训 年终奖金,11-21
219,Java架构师,北京博雅软通信息技术有限公司,北京-海淀区,民营公司,2.5-3.5万/月,本科,5-7年经验,少于50人,五险一金 绩效奖金 年终奖金 弹性工作 免费班车,11-21
220,Java高级开发工程师,上海艾麒信息科技股份有限公司,上海-徐汇区,民营公司,1.8-2.5万/月,本科,5-7年经验,150-500人,五险一金 补充医疗保险 员工旅游 餐饮补贴 弹性工作 定期体检 绩效奖金 年终奖金,11-21
221,Java开发工程师,上海近屿智能科技有限公司,上海-徐汇区,民营公司,1.2-2万/月,本科,2年经验,150-500人,弹性工作 带薪年假 绩效奖金 年底双薪,11-21
222,中级Java工程师,上海双麦信息技术有限公司,上海-宝山区,民营公司,1.2-2万/月,大专,5-7年经验,50-150人,,11-21
223,Java开发工程师,杭州物数化科技有限公司,杭州-西湖区,民营公司,2-2.5万/月,本科,3-4年经验,少于50人,五险一金 交通补贴 餐饮补贴 通讯补贴 专业培训 弹性工作,11-21
224,Java开发工程师,杭州欣悦互联科技有限公司,苏州-虎丘区,民营公司,1.5-2万/月,大专,3-4年经验,50-150人,五险一金 年终奖金 通讯补贴 专业培训 双休,11-21
225,Java高级开发工程师/java开发工程师（工程事业部）,中国铁道科学研究院电子计算技术研究所,北京-海淀区,国企,1-2万/月,本科,3-4年经验,500-1000人,五险一金 补充医疗保险 免费班车 餐饮补贴 定期体检 年终奖金 绩效奖金,11-21
226,Java初级开发工程师,上海燕昌信息技术有限公司,上海-闵行区,民营公司,0.8-1.5万/月,大专,1年经验,少于50人,五险一金 专业培训 年终奖金 弹性工作,11-21
227,java开发工程师（郑东新区）,华付云技术（深圳）有限公司,郑州-郑东新区,民营公司,1.1-1.6万/月,大专,3-4年经验,1000-5000人,,11-21
228,Java开发工程师,天阳宏业科技股份有限公司,西安,上市公司,1-1.5万/月,本科,3-4年经验,5000-10000人,五险一金 交通补贴 餐饮补贴 定期体检 年终奖金 节日礼品,11-21
229,Java高级开发工程师,西亚优品网络科技股份有限公司,广州-天河区,民营公司,1.5-2万/月,本科,5-7年经验,10000人以上,五险一金 定期体检 专业培训,11-21
230,Java开发工程师,芜湖鼎云科技有限公司,上海-徐汇区,民营公司,1.2-1.5万/月,本科,2年经验,,五险一金 补充公积金 绩效奖金 年终奖金 股票期权 通讯补贴 餐饮补贴 交通补贴 加班补助,11-21
231,Java开发工程师,深圳市拓保软件有限公司,成都-武侯区,民营公司,1-1.6万/月,大专,3-4年经验,5000-10000人,五险一金 补充医疗保险 年终奖金 下午茶 团建 双休,11-21
232,JAVA后端开发工程师,罗致恒富人力资源（上海）有限公司,上海-徐汇区,民营公司,3-4万/月,大专,3-4年经验,,五险一金 补充医疗保险 免费班车 交通补贴,11-21
233,Java开发工程师,深圳市跟投网络服务有限公司,长沙-芙蓉区,民营公司,1.2-1.5万/月,本科,3-4年经验,150-500人,定期体检 六险一金 周末双休 专业培训 每年多次调薪 员工旅游,11-21
234,Java开发工程师,北京思路智园科技有限公司,济南-高新区,民营公司,1.5-2万/月,大专,5-7年经验,150-500人,周末双休 带薪年假 五险一金 年终奖金 定期体检 绩效奖金,11-21
235,java后端,无锡加视诚智能科技有限公司,无锡,民营公司,0.9-1.4万/月,本科,2年经验,50-150人,五险一金 绩效奖金 年终奖金 弹性工作 专业培训 餐饮补贴,11-21
236,JAVA中高级开发工程师,深圳市易聆科信息技术股份有限公司,深圳-南山区,民营公司,1.3-2.5万/月,本科,5-7年经验,150-500人,五险一金,11-21
237,JAVA工程师,普元电力发展有限公司,苏州-吴江区,民营公司,1-1.5万/月,大专,5-7年经验,150-500人,五险一金 年终奖金 绩效奖金 免费午餐 交通补贴 通讯补贴 专业培训 大小周休息 国家法定假日,11-21
238,Java开发工程师,上海悦米信息技术有限公司,上海-徐汇区,合资,1.5-2万/月,大专,3-4年经验,50-150人,弹性工作 扁平化管理 五险一金 餐饮补贴 绩效奖金 年终奖金 免费零食饮料 周末双休 交通补贴,11-21
239,Java工程师,开迈斯新能源科技有限公司,南京,合资,0.8-1.6万/月,本科,3-4年经验,150-500人,交通补贴 餐饮补贴 通讯补贴 专业培训 弹性工作 保险 五险一金,11-21
240,Java开发工程师,浙江慧合国际物流有限公司武汉分公司,武汉-洪山区,民营公司,5-9千/月,大专,1年经验,150-500人,带薪年假 住房补贴 专业培训 加班补贴 绩效奖金 全勤奖,11-21
241,Java高级开发工程师,上海畅圣计算机科技有限公司,上海-杨浦区,民营公司,1.5-2万/月,本科,3-4年经验,150-500人,五险一金 绩效奖金 周末双休,11-21
242,Java,伽杰信息科技（上海）有限公司,上海,民营公司,6-8千/月,本科,1年经验,少于50人,,11-21
243,Java开发工程师-TJ-GZ,北京华付信息有限公司,广州-越秀区,民营公司,1.8-2.5万/月,本科,5-7年经验,50-150人,五险一金 年终奖金 年底双薪 节日福利,11-21
244,Java开发工程师,深圳市顺丰同城物流有限公司,上海,民营公司,1.5-3万/月,本科,3-4年经验,500-1000人,五险一金 免费班车 餐饮补贴 年终奖金,11-21
245,Java开发工程师,北京中泰创安科技有限公司,北京-海淀区,民营公司,0.8-1.5万/月,大专,1年经验,,周末双休,11-21
246,Java开发工程师,深圳市天上昀科技有限公司,珠海-香洲区,民营公司,1.2-1.8万/月,大专,3-4年经验,少于50人,五险一金 员工旅游 餐饮补贴 弹性工作 定期体检,11-21
247,JAVA开发,中恒（南京）云科技有限公司杭州分公司,杭州-钱塘区,民营公司,0.8-1.6万/月,本科,无需经验,,五险 绩效奖金 年终奖金 弹性工作 专业培训 员工旅游,11-21
248,资深java开发工程师（15薪),杭州禾尧信息科技有限公司,杭州-西湖区,民营公司,1.8-3.5万/月,本科,3-4年经验,少于50人,五险一金 年终奖金 员工旅游 定期体检 专业培训 绩效奖金 弹性工作 全额社保,11-21
249,Java开发工程师,嘉信商务管理咨询（大连）有限公司,广州,民营公司,0.8-1.5万/月,本科,2年经验,,,11-21
250,Java后端开发工程师,上海茂碧信息科技有限公司,上海,民营公司,1.5-2.5万/月,本科,2年经验,50-150人,五险一金 交通补贴 餐饮补贴 员工旅游,11-21
251,Java开发工程师,深圳爱换电科技有限公司,深圳-南山区,民营公司,1-1.5万/月,本科,2年经验,5000-10000人,五险一金 补充医疗保险 补充公积金 员工旅游 专业培训 通讯补贴 交通补贴 绩效奖金 年终奖金 股票期权,11-21
252,Java开发工程师,四川卓安律师事务所,成都,民营公司,7-8千/月,大专,2年经验,50-150人,周末双休 带薪年假 全勤奖 节日福利 餐饮补贴 五险 绩效奖金,11-21
253,Java开发工程师,江苏润和软件股份有限公司,珠海-香洲区,民营公司,1-1.5万/月,大专,2年经验,5000-10000人,五险一金 专业培训 绩效奖金 十三薪,11-21
254,Java高级开发工程师,广州源康健信息科技有限公司,广州-天河区,民营公司,1.5-2万/月,大专,3-4年经验,,,11-21
255,Java软件工程师,深圳市天河星供应链有限公司,深圳-南山区,民营公司,0.8-1.5万/月,本科,2年经验,500-1000人,五险一金 员工旅游 年终奖金 绩效奖金 满勤奖 周末双休 过节费 带薪年假,11-21
256,java开发工程师(无锡)(J10259),善诚科技发展（上海）有限公司无锡分公司,无锡-无锡新区,外资（非欧美）,0.8-1万/月,本科,2年经验,150-500人,交通补贴 专业培训 五险一金 补充医疗保险 年终奖金 出国机会,11-21
257,初中高级java开发工程师(出差兰州),高伟达软件股份有限公司,成都-高新区,上市公司,1-1.8万/月,本科,无需经验,1000-5000人,,11-21
258,Java开发工程师(初级）,重庆南地科技开发有限公司,重庆-渝北区,民营公司,4-5千/月,大专,1年经验,50-150人,五险一金 绩效奖金 年终奖金 节日福利 带薪年假 员工培训,11-21
259,Java架构师,厦门职行力信息科技有限公司,厦门-思明区,民营公司,1.8-2.5万/月,大专,5-7年经验,150-500人,五险一金 弹性工作 年终奖金 节假日福利,11-21
260,月薪20K Java开发工程师（双休）,蓝熙集团,武汉-汉阳区,民营公司,1.5-2万/月,大专,3-4年经验,500-1000人,弹性工作 带薪年假 五险一金 绩效奖金 节日福利 专业培训 交通补贴 全勤奖,11-21
261,Java开发工程师,北京品诺优创科技有限公司,北京-朝阳区,民营公司,1-1.3万/月,本科,3-4年经验,500-1000人,,11-21
262,JAVA后端开发工程师,天津乐聆康养科技有限公司,天津-和平区,民营公司,6-8千/月,本科,1年经验,,五险一金 绩效奖金,11-21
263,JAVA开发工程师-北京,易谷网络科技股份有限公司,北京-昌平区,民营公司,1.3-2万/月,本科,3-4年经验,150-500人,五险一金 通讯补贴 年终奖金 交通补贴 餐饮补贴 定期体检 每年调薪 节日福利 上升空间 15薪/年,11-21
264,JAVA开发（接口开发）,天瑞康健（福州）信息科技有限公司,长沙-岳麓区,民营公司,0.8-1.5万/月,本科,1年经验,50-150人,五险一金 年终奖金 通讯补贴 绩效奖金,11-21
265,Java开发工程师,山东赛顺电子科技有限公司,济南-历城区,民营公司,0.8-1.5万/月,本科,1年经验,,,11-21
266,Java开发工程师,广州市华粤行仪器有限公司,广州-番禺区,民营公司,0.8-1.5万/月,本科,2年经验,500-1000人,五险一金 餐饮补贴 专业培训 绩效奖金 年终奖金 年度调薪 通讯补贴 交通补贴 弹性工作,11-21
267,Java开发工程师,深圳印智互联信息技术有限公司,深圳-宝安区,民营公司,1.5-2万/月,大专,3-4年经验,50-150人,五险一金 周末双休 带薪年假 绩效奖金 节日福利 专业培训 生日会 免费下午茶 法定假期,11-21
268,Java开发工程师(供应链方向),南京卡佩希网络科技有限公司,南京-江宁区,民营公司,1.2-2.2万/月,本科,3-4年经验,500-1000人,加班补贴 全勤奖 年终奖金 节日福利 专业培训 六险一金,11-21
269,初级JAVA开发工程师（外汇岗位）,上海向普科技有限公司,上海-浦东新区,民营公司,0.8-1.5万/月,大专,2年经验,150-500人,五险一金 专业培训 定期体检 绩效奖金 试用期全薪 交通补贴 餐饮补贴 员工旅游,11-21
270,Java中级开发工程师,上海哲锦信息科技有限公司,北京,民营公司,1.5-2万/月,大专,3-4年经验,少于50人,五险一金 餐饮补贴,11-21
271,Java全栈,成都熙恩网络科技有限公司,成都-武侯区,民营公司,1.5-2万/月,大专,3-4年经验,150-500人,五险一金 绩效奖金 年终奖金,11-21
272,Java开发工程师（驻场SAP Labs）,汉堂软件工程（上海）有限公司,上海-浦东新区,民营公司,1.5-1.7万/月,大专,3-4年经验,150-500人,周末双休 五险一金 弹性工作 餐饮补贴 年终奖金,11-21
273,Java高级开发工程师,九恒星（武汉）信息技术有限公司,武汉-武汉经济开发区,上市公司,1.3-1.8万/月,本科,5-7年经验,500-1000人,五险一金 通讯补贴 餐饮补贴 年终奖金 定期体检 高额社保 高额公积金,11-21
274,java后端开发,龙兴（杭州）航空电子有限公司,杭州-萧山区,合资,1-1.5万/月,本科,3-4年经验,50-150人,五险一金 交通补贴 通讯补贴 绩效奖金 年终奖金 定期体检 出国机会 员工旅游,11-21
275,Java开发工程师-上市公司,深圳市赢时胜信息技术股份有限公司北京分公司,北京-东城区,上市公司,1-1.5万/月,本科,2年经验,1000-5000人,,11-21
276,Java前端开发工程师,南京艮众信息科技有限公司,无锡,民营公司,0.8-1万/月,大专,2年经验,50-150人,五险一金 年终奖金 绩效奖金 定期体检 员工旅游,11-21
277,智慧金融-软件开发工程师（Java）-能211119,昆仑数智科技有限责任公司,北京-西城区,国企,2-4万/月,本科,5-7年经验,1000-5000人,五险一金 补充医疗保险 交通补贴 餐饮补贴 通讯补贴 专业培训 绩效奖金 年终奖金 定期体检 弹性工作,11-21
278,Java开发工程师,广东新视野信息科技股份有限公司,深圳-南山区,民营公司,1.5-2.5万/月,本科,3-4年经验,少于50人,五险一金 年终奖金 绩效奖金 员工旅游 定期体检,11-21
279,Java开发工程师,天津盛夏信息技术有限公司,天津-西青区,民营公司,0.8-1万/月,大专,2年经验,少于50人,五险一金 弹性工作 带薪年假 周末双休 加班补贴,11-21
280,C# 或JAVA高级程序员,辽宁中新自动控制集团股份有限公司,沈阳,上市公司,1-1.2万/月,本科,3-4年经验,150-500人,五险一金 员工旅游 绩效奖金 午餐 周末双休,11-21
281,中高级JAVA开发工程师（JR19ghk）(J12996),北京东方国信科技股份有限公司,长沙-开福区,上市公司,1.2-2万/月,本科,2年经验,5000-10000人,五险一金 年终奖金 定期体检 专业培训,11-21
282,Java开发工程师,博彦科技广州有限公司,海口-秀英区,民营公司,0.5-1万/月,大专,2年经验,,五险一金 年终奖金 周末双休 带薪年假 节日福利,11-21
283,Java高级开发工程师(前端）,杭州联仕企业管理咨询有限公司,杭州-拱墅区,民营公司,2-2.5万/月,本科,3-4年经验,50-150人,五险一金 绩效奖金 年终奖金 周末双休 带薪年假 节日福利,11-21
284,Java中级开发工程师,南京智芯微处理器科技有限公司,南京,民营公司,1-2万/月,本科,5-7年经验,50-150人,五险一金 员工旅游 专业培训 通讯补贴 餐饮补贴 交通补贴 绩效奖金 弹性工作 年终奖金,11-21
285,Java高级开发工程师,上海巧厨商贸有限公司,上海-松江区,民营公司,1.5-2.5万/月,大专,3-4年经验,500-1000人,五险一金 员工旅游 年终奖金 餐饮补贴 定期体检,11-21
286,Java开发工程师(南京),上海竞动科技有限公司,南京-建邺区,民营公司,1.2-1.6万/月,大专,3-4年经验,50-150人,五险一金 下午茶零食 年终奖金 绩效奖金 股票期权 弹性工作 员工旅游,11-21
287,Java高级开发工程师,北京慧辰资道资讯股份有限公司,武汉-江夏区,民营公司,1.5-2.5万/月,本科,5-7年经验,500-1000人,,11-21
288,Java开发经理,苏州信昶德科技有限公司,苏州-吴中区,民营公司,2-2.5万/月,本科,3-4年经验,少于50人,年终奖金 弹性工作 定期体检 餐饮补贴 绩效奖金 股票期权,11-21
289,Java开发工程师,上海星翰云信息科技有限公司,上海-徐汇区,民营公司,1.5-2万/月,大专,3-4年经验,500-1000人,,11-21
290,Java开发工程师,苏州大智同润物联科技有限公司,常熟,民营公司,0.8-1万/月,大专,3-4年经验,少于50人,,11-21
291,Java开发工程师,深圳鼎智达表计信息科技有限公司,深圳-南山区,民营公司,0.8-1.5万/月,大专,3-4年经验,少于50人,五险一金 弹性工作 带薪年假 节日福利,11-21
292,Java研发工程师,德圣琛（武汉）技术有限公司,武汉-东湖新技术产业开发区,民营公司,6-8千/月,大专,2年经验,少于50人,五险一金 交通补贴 餐饮补贴 周末双休 节日福利,11-21
293,Java后台开发,惠州市恒裕科技有限公司,惠州-惠阳区,民营公司,1.5-2.3万/月,本科,3-4年经验,少于50人,六险一金 节日福利 弹性工作 定期体检 员工旅游 包吃包住 交通补贴 带薪年假 下午茶 年终奖金,11-21
294,Java高级工程师/架构师,深圳自觉科技有限公司,深圳-宝安区,民营公司,2.5-4.5万/月,本科,5-7年经验,少于50人,五险一金 员工旅游 专业培训 餐饮补贴 年终奖金 股票期权 弹性工作 丰厚奖金 试用期全额 税后工资,11-21
295,Java高级开发工程师,深圳金亚太科技有限公司,深圳-南山区,民营公司,1.5-2.5万/月,大专,3-4年经验,150-500人,五险一金 餐饮补贴 定期体检 员工旅游 专业培训 弹性工作 绩效奖金 节日福利,11-21
296,Java程序员,南京中高知识产权股份有限公司,南京-浦口区,民营公司,0.6-1.2万/月,本科,3-4年经验,少于50人,五险一金 定期体检 节日福利 生日福利 不定期团建,11-21
297,Java开发工程师,江苏敏行信息技术有限公司,南京-雨花台区,民营公司,0.8-1.2万/月,本科,3-4年经验,50-150人,周末双休 带薪年假 五险一金 餐饮补贴 绩效奖金 年底双薪,11-21
298,Java初级开发工程师,江苏沃银数据服务有限公司,南京,民营公司,0.8-1.2万/月,本科,2年经验,150-500人,五险一金 带薪年假 节日福利 高温补贴,11-21
299,JAVA开发工程师,湖南强智科技发展有限公司,海口-美兰区,民营公司,0.8-1万/月,大专,2年经验,500-1000人,五险一金 员工旅游 餐饮补贴 专业培训 绩效奖金 周末双休,11-21
300,Java开发工程师（杭州）,南京讯优智超软件科技有限公司,杭州-上城区,民营公司,1-1.5万/月,大专,2年经验,50-150人,五险一金 员工旅游 交通补贴 餐饮补贴 通讯补贴 年终奖金 定期体检,11-21
301,Java高级开发工程师,武汉一步汽车服务有限公司,武汉,民营公司,1.3-1.8万/月,大专,3-4年经验,50-150人,员工旅游 弹性工作 绩效奖金 交通补贴 专业培训 住房补贴 出差补贴,11-21
302,Java开发工程师,辽宁房小二信息科技有限公司,沈阳-大东区,民营公司,0.5-1万/月,本科,5-7年经验,500-1000人,专业培训 弹性工作 员工旅游 五险 餐饮补贴,11-21
303,JAVA开发工程师（视频方向）,天讯瑞达通信技术有限公司,广州,国企,1-1.4万/月,本科,2年经验,500-1000人,五险一金 绩效奖金 年终奖金 员工旅游,11-21
304,JAVA  高级工程师,深圳市佑尔安科技有限公司,深圳-宝安区,民营公司,1.5-2万/月,大专,5-7年经验,少于50人,,11-21
305,Java高级开发工程师,武汉开道万信息技术有限公司,武汉-洪山区,民营公司,1-1.5万/月,大专,3-4年经验,少于50人,五险一金 交通补贴 餐饮补贴 绩效奖金 年终奖金 弹性工作,11-21
306,中高级Java开发,深圳市金标达管理顾问有限公司,深圳-南山区,民营公司,1.5-2万/月,本科,3-4年经验,50-150人,五险一金 专业培训 全勤奖 周末双休 年终奖金 绩效奖金 岗位晋升 员工旅游 补充医疗保险 餐饮补贴,11-21
307,Java开发工程师,河北微领网络科技有限公司,邯郸,民营公司,4-8千/月,大专,2年经验,50-150人,员工旅游 绩效奖金 年终奖金 弹性工作,11-21
308,Java开发工程师,河北鹏东电子科技有限公司,石家庄-长安区,民营公司,0.5-1万/月,大专,2年经验,50-150人,年终奖金 弹性工作 全勤奖 创业公司 五险,11-21
309,Java开发,信必优(深圳)信息技术有限公司,广州-越秀区,外资（欧美）,1.6-2万/月,本科,5-7年经验,1000-5000人,,11-21
310,Java开发工程师,苏州东安岩芯能源科技股份有限公司,昆山,民营公司,1-1.2万/月,本科,3-4年经验,50-150人,五险一金 交通补贴 餐饮补贴 员工旅游 专业培训 通讯补贴 年终奖金 绩效奖金,11-21
311,Java高级软件工程师,上海智聆信息技术有限公司,无锡-无锡新区,民营公司,1.8-2.5万/月,本科,8-9年经验,少于50人,五险一金 员工旅游 年终奖金 绩效奖金 弹性工作 定期体检,11-21
312,高薪急招java工程师,上海汉朔信息科技有限公司,上海,民营公司,1.2-2万/月,大专,无需经验,500-1000人,,11-21
313,Java软件开发,好多车联（深圳）科技有限公司,西安,民营公司,0.6-1.2万/月,本科,1年经验,,,11-21
314,Java中级开发工程师,上海媛福达贸易有限公司,上海-静安区,民营公司,1.1-2万/月,大专,3-4年经验,500-1000人,五险一金 交通补贴 餐饮补贴,11-21
315,JAVA中级开发工程师,广州芯享家信息技术有限公司,广州-天河区,民营公司,1-1.5万/月,大专,2年经验,150-500人,五险一金 周末双休 带薪年假 餐饮补贴 绩效奖金 全勤奖 包吃,11-21
316,Java程序员,深圳嘉里盐田港物流有限公司,深圳,合资,0.8-1万/月,大专,1年经验,,,11-21
317,后台开发工程师（JAVA）,上海鋆石智能科技有限公司,上海-浦东新区,民营公司,0.5-1万/月,大专,1年经验,少于50人,年终奖金 绩效奖金 包住 五险,11-21
318,Java高级开发工程师,交邦电气科技（江苏）有限公司,南京-建邺区,合资,0.8-1万/月,本科,5-7年经验,少于50人,五险一金 交通补贴 餐饮补贴 年终奖金 绩效奖金 定期体检,11-21
319,Java开发工程师(21),上海复深蓝软件股份有限公司,上海-浦东新区,上市公司,2-2.5万/月,大专,3-4年经验,1000-5000人,做五休二 五险一金 节日福利 带薪年假 专业培训 年终奖金 交通补贴,11-21
320,JAVA中级/高级开发工程师,安徽逸路安科技股份有限公司,合肥,民营公司,0.7-1.4万/月,大专,2年经验,,,11-21
321,Java开发经理,广东智硕互联科技有限公司,东莞-樟木头镇,民营公司,1.3-2万/月,本科,5-7年经验,少于50人,五险一金 年终奖金 专业培训 员工旅游,11-21
322,Java 高级开发工程师,仁弥（杭州）网络科技有限公司,杭州-萧山区,民营公司,2.5-3万/月,本科,3-4年经验,,,11-21
323,Java开发工程师,广州云链科技有限公司,武汉-汉阳区,民营公司,1.4-2.5万/月,大专,3-4年经验,150-500人,五险一金 周末双休 绩效奖金,11-21
324,Java开发工程师,恩士迅信息科技（上海）有限公司,上海-浦东新区,合资,1-1.8万/月,本科,2年经验,150-500人,,11-21
325,Java开发工程师,河北能瑞科技有限公司武汉研发中心,武汉-东西湖区,民营公司,0.7-1.1万/月,大专,2年经验,50-150人,员工旅游 年终奖金 定期体检 五险,11-21
326,Java开发工程师,武汉吉十软件有限公司,武汉-江夏区,民营公司,1-1.8万/月,大专,3-4年经验,150-500人,包吃包住 年终奖金 绩效奖金 员工旅游 五险一金 专业培训,11-21
327,Java工程师,北京燃烽医药有限责任公司,北京-丰台区,民营公司,0.8-1.3万/月,大专,2年经验,50-150人,周末双休 专业培训 做五休二 五险一金 节日福利,11-21
328,Java高级开发工程师,郑州华腾智能科技有限公司,郑州-经开区,民营公司,1-1.5万/月,大专,5-7年经验,50-150人,,11-21
329,Java高级开发工程师,上海署文网络科技有限公司,上海-浦东新区,民营公司,1.5-2.5万/月,本科,3-4年经验,少于50人,,11-21
330,Java开发工程师,浙江真游科技有限公司,杭州-拱墅区,民营公司,6-8千/月,本科,1年经验,少于50人,周末双休 五险一金 员工旅游 弹性工作 节日福利 带薪年假 定期团建 定期体检,11-21
331,Java开发工程师,湖南九云教育科技有限公司,吉安,民营公司,6-8千/月,本科,3-4年经验,150-500人,五险一金 专业培训 绩效奖金 年终奖金 周末双休 员工旅游 做五休二 带薪年假,11-21
332,JAVA开发工程师,武汉小猿科技有限公司,武汉-东湖新技术产业开发区,民营公司,0.5-1万/月,大专,2年经验,少于50人,五险一金 绩效奖金 年终奖金 弹性工作,11-21
333,Java工程师,苏州晟成光伏设备有限公司,苏州,上市公司,1-1.5万/月,本科,2年经验,500-1000人,做五休二 周末双休 带薪年假 五险一金 高温补贴 加班补贴 绩效奖金 全勤奖 节日福利,11-21
334,Java开发工程师,上海清裔钲商务咨询有限公司,上海-浦东新区,合资,1-2万/月,本科,2年经验,少于50人,五险一金 补充公积金 员工旅游 绩效奖金 年终奖金 弹性工作,11-21
335,JAVA后端开发,上海姚际信息科技有限公司,上海-徐汇区,民营公司,1.5-3万/月,本科,2年经验,,五险一金 员工旅游 绩效奖金 年终奖金 弹性工作 定期体检 定制中晚餐 免费工作餐 婚育礼金 生日红包,11-21
336,java后端开发工程师,翰威通信有限公司,上海-普陀区,民营公司,1.5-2万/月,大专,2年经验,150-500人,五险一金 专业培训 带薪年假 周末双休 餐饮补贴 绩效奖金 弹性工作,11-21
337,中高级Java,三盟科技股份有限公司,杭州,上市公司,0.8-1.5万/月,本科,2年经验,500-1000人,五险一金 年终奖金 绩效奖金 带薪年假 周末双休 节日福利,11-21
338,Java开发工程师,江苏湃能电力科技有限公司,南京-建邺区,民营公司,1.3-1.6万/月,大专,5-7年经验,少于50人,,11-21
339,Java开发工程师,江苏水迅通信息科技有限公司,南京-浦口区,民营公司,0.8-1.5万/月,本科,3-4年经验,少于50人,五险一金 员工旅游 交通补贴 餐饮补贴 通讯补贴 专业培训 绩效奖金 年终奖金 股票期权 定期体检,11-21
340,Java中级开发工程师,浙江一山智慧医疗研究有限公司,杭州-余杭区,民营公司,1.5-2万/月,本科,3-4年经验,5000-10000人,五险一金 交通补贴 餐饮补贴 通讯补贴 绩效奖金 年终奖金 定期体检 周末双休 朝九晚六 股票期权,11-21
341,Java开发工程师,广州泰迪熊科技集团有限公司,大连-高新园区,民营公司,4-7千/月,大专,1年经验,50-150人,带薪年假 购买社保 周末双休 绩效奖金,11-21
342,Java开发工程师,南京欣威视通信息科技股份有限公司,南京-雨花台区,上市公司,1.5-2万/月,本科,1年经验,50-150人,五险一金 员工旅游 交通补贴 餐饮补贴 年终奖金 定期体检 专业培训,11-21
343,Java开发工程师,上海彩虹鱼海洋科技股份有限公司,上海-浦东新区,民营公司,1-2万/月,本科,2年经验,50-150人,五险一金 免费班车 员工旅游 专业培训 出国机会 绩效奖金 年终奖金 弹性工作 股票期权,11-21
344,java高级开发工程师,上海东普信息科技有限公司,上海-青浦区,民营公司,2-3万/月,本科,5-7年经验,500-1000人,五险一金 餐饮补贴 绩效奖金 节日福利 带薪年假 免费班车,11-21
345,Java开发工程师,上海臻鼎健康科技有限公司,贵阳-观山湖区,民营公司,0.8-1万/月,本科,3-4年经验,50-150人,五险一金 弹性工作 员工旅游 出国机会 绩效奖金 年终奖金 定期体检,11-21
346,Java开发工程师,陕西中爆安全网科技有限公司,青岛-市北区,上市公司,0.8-1.5万/月,大专,1年经验,50-150人,周末双休 带薪年假 五险一金 全勤奖 节日福利 加班补贴 年度体检,11-21
347,Java软件工程师,郑州众力信息技术有限公司,郑州-中原区,民营公司,4-6千/月,本科,1年经验,少于50人,五险一金 定期体检,11-21
348,Java初级开发工程师,沈阳金创想系统集成有限公司,沈阳,民营公司,3-4.5千/月,本科,2年经验,50-150人,交通补贴 通讯补贴 餐饮补贴,11-21
349,Java开发实习生,杭州友聚锐杰信息技术有限公司,杭州-西湖区,民营公司,0.6-1万/月,大专,无需经验,,,11-21
350,全栈式JAVA开发工程师-证券业务,上海荣正投资咨询股份有限公司,上海-长宁区,民营公司,2-3.5万/月,本科,3-4年经验,50-150人,,11-21
351,JAVA工程师,深圳市博爱网络有限公司,深圳-罗湖区,民营公司,1-1.5万/月,大专,3-4年经验,150-500人,五险一金 定期体检 绩效奖金 弹性工作,11-21
352,Java开发工程师,成都奥博克信息系统有限公司,成都,民营公司,0.8-1万/月,本科,2年经验,50-150人,五险一金 餐饮补贴 绩效奖金,11-21
353,Java开发工程师（双休+非外包）,电讯盈科企业方案,广州,外资（非欧美）,0.9-1.3万/月,本科,2年经验,10000人以上,五险一金 员工旅游 专业培训 绩效奖金 年终奖金 弹性工作 定期体检,11-21
354,JAVA开发工程师,北京优飞软件科技有限公司,北京-顺义区,民营公司,1.5-2万/月,大专,3-4年经验,少于50人,五险一金 绩效奖金 专业培训 定期体检 12天带薪年假 定期团建 过年放假12天,11-21
355,Java开发工程师,洛阳昇凯软件科技有限公司,洛阳,民营公司,4-8千/月,大专,3-4年经验,少于50人,,11-21
356,JAVA后端开发岗,浙江省北大信息技术高等研究院,杭州,民营公司,1.5-2万/月,硕士,无需经验,,,11-21
357,Java开发工程师,深圳中科软科技信息系统有限公司,深圳-罗湖区,国企,1.1-1.4万/月,大专,2年经验,5000-10000人,五险一金 员工旅游 年终奖金 补充医疗保险,11-21
358,Java开发工程师,山东用新电子科技有限公司,济南-天桥区,民营公司,1-1.5万/月,本科,1年经验,少于50人,包吃 五险 弹性工作 带薪年假 节日福利 绩效奖金 交通补贴 通讯补贴 专业培训 餐饮补贴,11-21
359,JAVA工程师,河南省通信工程局有限责任公司,郑州-金水区,民营公司,0.8-1.2万/月,本科,3-4年经验,10000人以上,周末双休 节日福利 五险一金,11-21
360,Java开发工程师,环保桥（上海）环境技术有限公司,上海-浦东新区,民营公司,1.5-2万/月,本科,3-4年经验,少于50人,五险一金 补充医疗保险 员工旅游 交通补贴 弹性工作 年终奖金 定期体检 周末双休 节日福利,11-21
361,JAVA开发助理（可应届）,德玛（云南）科技有限公司,昆明-官渡区,民营公司,0.8-1万/月,高中,无需经验,少于50人,五险一金 年终奖金 弹性工作 员工旅游,11-21
362,Java开发工程师,武汉市创平科技有限公司,武汉-洪山区,民营公司,0.9-1.3万/月,本科,3-4年经验,50-150人,五险一金 年底双薪 绩效奖金 定期体检 节日福利 全勤奖 定期团建 带薪年假,11-21
363,Java高级开发工程师,武汉理盈信息科技有限公司,武汉-东湖新技术产业开发区,民营公司,1-1.5万/月,本科,5-7年经验,少于50人,,11-21
364,Java初级开发工程师（可适应出差）,大连盈灿科技股份有限公司,大连-高新园区,民营公司,6-8千/月,本科,2年经验,少于50人,五险一金 交通补贴 员工旅游 年终奖金,11-21
365,Java中高级开发工程师（研发部门）,武汉普罗格集成科技有限公司,武汉-硚口区,民营公司,1.2-2万/月,本科,3-4年经验,500-1000人,五险一金 员工旅游 交通补贴 绩效奖金 年终奖金 专业培训 餐饮补贴 定期体检 通讯补贴,11-21
366,Java开发工程师,上海用正医药科技有限公司,上海-徐汇区,民营公司,2-3万/月,大专,3-4年经验,150-500人,周末双休 带薪年假 五险一金 节日福利 交通补贴 餐饮补贴 通讯补贴 年终奖金 定期体检,11-21
367,Java开发工程师,广州市博颖信息科技有限公司,广州,民营公司,15-20万/年,大专,3-4年经验,50-150人,社保 周末双休 带薪年假 绩效奖金 年终奖金,11-21
368,java后端开发工程师,南京盛航海运股份有限公司,南京-栖霞区,上市公司,1-1.5万/月,本科,3-4年经验,150-500人,做五休二 周末双休 带薪年假 五险一金 节日福利 通讯补贴,11-21
369,Java高级开发工程师,飞鹤乳业集团上海电商事业部,上海-杨浦区,民营公司,1.5-2万/月,本科,3-4年经验,5000-10000人,五险一金 补充公积金 员工旅游 绩效奖金 年终奖金 弹性工作 交通补贴 餐饮补贴 定期体检 带薪年假,11-21
370,java软件开发工程师-北京,大连铭信科技发展有限公司,北京-东城区,民营公司,1.2-2.4万/月,本科,3-4年经验,50-150人,五险一金 绩效奖金 年终奖金,11-21
371,Java软件开发,浙江天正信息科技有限公司,江门-蓬江区,国企,0.8-1万/月,本科,1年经验,50-150人,五险一金 专业培训 员工旅游 交通补贴 餐饮补贴 通讯补贴 绩效奖金 年终奖金 定期体检,11-21
372,Java中级开发工程师,浙江陀曼控股集团有限公司,杭州-滨江区,民营公司,1.3-2.2万/月,本科,5-7年经验,150-500人,五险一金 年终奖金 绩效奖金 补充医疗保险 定期体检 通讯补贴 员工旅游 餐饮补贴 开车油贴,11-21
373,Java开发工程师,浙江省国土勘测规划有限公司,杭州-余杭区,事业单位,1.8-2.5万/月,硕士,无需经验,150-500人,五险一金 员工旅游 餐饮补贴 专业培训 定期体检 年终奖金,11-21
374,java开发工程师（武汉）,深圳市腾讯计算机系统有限公司,武汉,民营公司,3-4万/月,本科,5-7年经验,,,11-21
375,Java开发工程师,广东货多多物流科技股份有限公司,广州-黄埔区,民营公司,0.9-1.5万/月,本科,3-4年经验,少于50人,五险一金 绩效奖金 带薪年假 节日福利 大小周,11-21
376,Java开发工程师,无锡高运金融信息服务有限公司,无锡,合资,1-2万/月,本科,3-4年经验,少于50人,五险一金 绩效奖金 年终奖金 餐饮补贴 员工旅游 定期体检 节日福利 高温补贴,11-21
377,JAVA软件工程师,上海红瓦信息科技有限公司,上海-宝山区,民营公司,1-1.5万/月,大专,3-4年经验,少于50人,绩效奖金 年终奖金 弹性工作 员工旅游 下午茶 每月团建一次 专业培训 做五休二,11-21
378,Java开发工程师,云驼（武汉）网络科技有限公司,武汉-硚口区,民营公司,0.9-1.5万/月,本科,3-4年经验,50-150人,五险 餐饮补贴 节日福利 团建活动,11-21
379,Java开发工程师,博瑞利安信息科技（上海）有限公司,南京-江宁区,民营公司,0.6-1万/月,大专,1年经验,少于50人,,11-21
380,Java开发工程师,深圳市迈科龙电子有限公司,深圳,民营公司,1.5-2万/月,本科,2年经验,,,11-21
381,JAVA开发工程师,筑泰（深圳）科创控股有限公司,深圳,民营公司,1.5-2万/月,本科,2年经验,,,11-21
382,java开发工程师  自研 双休,深圳信通支付科技有限公司,深圳,民营公司,1.5-2.5万/月,中技,3-4年经验,,,11-21
383,JAVA开发工程师（微服务方向）,深圳市中视典数字科技有限公司,深圳,民营公司,1-1.5万/月,本科,2年经验,,,11-21
384,Java软件开发工程师（后端）,上海倍通医药科技咨询有限公司,大连-沙河口区,民营公司,1.2-2万/月,本科,2年经验,1000-5000人,五险一金 员工旅游 专业培训 绩效奖金 弹性工作 定期体检,11-21
385,高级Java开发工程师,上海东尚信息科技股份有限公司,上海,民营公司,1.5-2万/月,本科,3-4年经验,,,11-21
386,Java软件开发工程师,深圳市弘长科技有限公司,深圳,民营公司,6-8千/月,本科,无需经验,,,11-21
387,Java开发工程师,展融（上海）网络服务有限公司,上海-浦东新区,民营公司,1-1.5万/月,本科,1年经验,少于50人,双休 享法定假日休 五险一金 股权激励,11-21
388,JAVA开发工程师,南京维科通信有限公司,南京-栖霞区,民营公司,1.2-1.8万/月,本科,3-4年经验,少于50人,五险一金 年底双薪 年终奖金 绩效奖金 项目奖金 周末双休 交通补贴 餐饮补贴 通讯补贴,11-21
389,Java开发工程师,上海博愚科技有限公司,成都-武侯区,民营公司,0.6-1.2万/月,本科,3-4年经验,50-150人,五险一金 员工旅游 绩效奖金,11-21
390,Java开发工程师+周末双休/13薪,深圳市乐有家控股集团有限公司,长沙-岳麓区,民营公司,6-8千/月,大专,2年经验,,五险一金 餐饮补贴 交通补贴 弹性工作 专业培训 绩效奖金 节日福利 月休四天,11-21
391,Java开发工程师,武汉字节穿梭科技有限公司,武汉-江夏区,创业公司,0.8-1.1万/月,大专,3-4年经验,少于50人,绩效奖金 五险一金 不定时团建 过节福利,11-21
392,Java项目经理,淘礼礼贸易（深圳）有限公司,深圳-南山区,民营公司,1.6-2.2万/月,本科,3-4年经验,50-150人,弹性工作 五险一金 节日福利 加班补贴,11-21
393,Java开发工程师,云南南天电子信息产业股份有限公司,昆明-盘龙区,国企,0.6-1.2万/月,本科,2年经验,1000-5000人,五险一金 定期体检 年终奖金 绩效奖金 专业培训 免费班车,11-21
394,SYY301-Java研发工程师（成都）,长园深瑞继保自动化有限公司,成都,民营公司,1-2万/月,本科,3-4年经验,,,11-21
395,Java工程师（高级）,深圳市比希科技有限公司,深圳-福田区,民营公司,1.5-2万/月,大专,5-7年经验,50-150人,,11-21
396,软件工程师（java方向）,苏州卓曜智能科技有限公司,昆山,民营公司,0.8-1.6万/月,本科,2年经验,少于50人,五险一金 弹性工作 年终奖金 绩效奖金 补充公积金,11-21
397,JAVA 软件开发工程师,上海宝信软件股份有限公司海盐分公司,上海-宝山区,上市公司,8-15万/年,本科,1年经验,50-150人,五险一金 餐饮补贴 高温补贴 年终奖金 定期体检,11-21
398,Java开发工程师（中级）,广州摩赛网络技术有限公司,广州-天河区,民营公司,0.8-1.5万/月,大专,3-4年经验,少于50人,五险一金 年终奖金 弹性工作 定期体检 员工旅游 带薪年假 节日福利 餐饮补贴 零食下午茶,11-21
399,Java开发工程师,衡哲信息科技（武汉）有限公司,武汉-洪山区,民营公司,0.9-1.5万/月,大专,3-4年经验,1000-5000人,五险一金 员工旅游 餐饮补贴 专业培训 绩效奖金 年终奖金,11-21
400,Java开发工程师,广东养方堂中医科技有限公司,广州-天河区,民营公司,0.8-1.2万/月,本科,2年经验,少于50人,五险一金 绩效奖金 专业培训 交通方便 员工旅游,11-21
401,Java,重庆软维科技有限公司,成都-武侯区,民营公司,1-1.5万/月,大专,3-4年经验,150-500人,五险一金 年终奖金 定期体检,11-21
402,Java开发经理,浙江杉工智能科技有限公司,宁波-海曙区,民营公司,1.5-2万/月,本科,10年以上经验,50-150人,五险一金 年终奖金 交通补贴 餐饮补贴 周末双休,11-21
403,Java开发工程师,深圳市梦网物联科技发展有限公司,深圳,民营公司,1-1.5万/月,大专,2年经验,,,11-21
404,java开发助理,常州潼马软件科技有限公司,深圳-宝安区,民营公司,5.5-8.5千/月,大专,无需经验,少于50人,五险一金 免费班车 员工旅游 出国机会 年终奖金 绩效奖金 股票期权 定期体检 周末双休 包吃包住,11-21
405,Java开发工程师,天津鑫海宇宏科技发展有限公司,天津-河西区,民营公司,0.5-1万/月,本科,1年经验,少于50人,五险一金 员工旅游 交通补贴 餐饮补贴 通讯补贴 绩效奖金 年终奖金,11-21
406,Java高级开发工程师,鸿宇数据科技（上海）有限公司,上海-徐汇区,民营公司,1.8-2.5万/月,本科,5-7年经验,少于50人,,11-21
407,急聘Java后端开发工程师+双休,四川三维系统工程有限责任公司,成都-青羊区,民营公司,0.7-1.5万/月,大专,2年经验,少于50人,五险一金 周末双休,11-21
408,JAVA高级软件开发工程师,苏州嘉展科技有限公司,苏州-工业园区,外资（非欧美）,1.5-2.5万/月,大专,5-7年经验,50-150人,做五休二 周末双休 带薪年假 五险一金 节日福利 专业培训 通讯补贴 交通补贴 年终奖金,11-21
409,Java开发工程师,广州康铭信息科技有限公司,广州-海珠区,民营公司,1-1.5万/月,本科,3-4年经验,少于50人,五险一金 员工旅游 年终奖金 股票期权,11-21
410,Java高级开发工程师,天津中桓荣泰科技发展有限公司,天津-南开区,民营公司,1-1.5万/月,大专,2年经验,50-150人,五险一金 员工旅游 年终奖金 定期体检 通讯补贴 餐饮补贴,11-21
411,初级Java开发工程师,上海朝讯网络科技发展有限公司,北京-朝阳区,民营公司,0.8-1万/月,本科,1年经验,50-150人,员工旅游 定期体检 五险一金 做五休二 节日福利 生日福利 带薪年假 绩效奖金 专业培训 弹性工作,11-21
412,Java开发工程师,四特酒有限责任公司,江西省,合资,1-1.5万/月,本科,3-4年经验,1000-5000人,节日福利 带薪年假 高温补贴 专业培训 年终奖金,11-21
413,Java开发工程师,昱瑾网络科技（上海）有限公司,上海-浦东新区,民营公司,1.5-3万/月,大专,5-7年经验,50-150人,带薪年假 五险一金 绩效奖金 全勤奖 节日福利 专业培训,11-21
414,Java开发工程师,大连华夏腾飞科技有限公司,大连,民营公司,5-9.9千/月,大专,2年经验,50-150人,五险一金 补充医疗保险 补充公积金 免费班车 员工旅游 交通补贴 出国机会 绩效奖金 年终奖金,11-21
415,Java高级开发工程师,上海宝钿科技产业发展有限公司,上海-宝山区,民营公司,2-2.5万/月,大专,5-7年经验,少于50人,五险一金 带薪年假 做五休二 年终奖金,11-21
416,后端开发工程师（Java或.net）,纳思达科技（大连）有限公司,大连,外资（非欧美）,1.5-2万/月,本科,3-4年经验,,,11-21
417,Java开发工程师,大连金慧融智科技股份有限公司,大连,民营公司,1-1.5万/月,本科,3-4年经验,,,11-21
418,高级java开发工程师,东软集团（大连）有限公司,大连,上市公司,0.8-1万/月,本科,2年经验,,,11-21
419,Java开发工程师,武汉高达软件系统有限公司,武汉-武昌区,民营公司,0.8-1.3万/月,大专,2年经验,50-150人,五险一金 专业培训 通讯补贴 餐饮补贴 交通补贴 节日福利 定期体检 员工旅游 年终奖金 高温补贴,11-21
420,Java开发经理 (MJ000025),广州中大凯旋电子科技有限公司,广州,民营公司,2-3.5万/月,大专,5-7年经验,150-500人,腾讯投资 年终奖金 绩效奖金 加班津贴 交通补贴 餐饮补贴 五险一金 股票期权,11-21
421,Java开发工程师,江苏耐维思通科技股份有限公司,北京-海淀区,上市公司,0.8-1.6万/月,大专,2年经验,50-150人,五险一金 餐饮补贴 弹性工作 补充医疗保险 年终奖金,11-21
422,Java工程师,青岛海洋慧谷大数据科技有限公司,青岛-李沧区,民营公司,6-8千/月,本科,无需经验,少于50人,国际大牛带队,11-21
423,Java高级开发工程师,北京澎湃信用管理有限公司,北京-朝阳区,民营公司,1.5-3万/月,硕士,3-4年经验,少于50人,五险一金 餐饮补贴 员工旅游 绩效奖金 定期体检 专业培训 带薪年假,11-21
424,Java开发工程师(13薪+年终奖）,深圳市融臻科技管理有限公司,深圳-福田区,民营公司,0.6-1万/月,本科,1年经验,500-1000人,,11-21
425,Java工程师-济南,湖南联信科技有限公司,济南-高新区,民营公司,0.7-1.5万/月,本科,2年经验,150-500人,绩效奖金 五险一金 餐饮补贴 年终奖金 定期体检 专业培训,11-21
426,java高级开发工程师（高薪诚聘）,深圳市世纪伟图科技开发有限公司,深圳-福田区,民营公司,1.5-2.6万/月,本科,5-7年经验,150-500人,专业培训 绩效奖金 员工旅游 五险一金 带薪年假 加班调休 节假福利 周末双休 法定节假日休,11-21
427,Java开发工程师,广州劲源科技发展股份有限公司,广州,民营公司,4-8千/月,大专,无需经验,,,11-21
428,Java开发工程师,南京思优普信息科技有限公司,南京-江宁区,民营公司,1.2-1.8万/月,大专,3-4年经验,150-500人,五险一金 定期体检 餐饮补贴 交通补贴 绩效奖金 免费班车 周末双休,11-21
429,Java高级开发工程师,枫华国际教育集团,上海-长宁区,合资,1.5-2.5万/月,本科,5-7年经验,500-1000人,五险一金 绩效奖金 周末双休 餐饮补贴,11-21
430,Java开发工程师,江苏索迩软件技术有限公司,南京-雨花台区,民营公司,1-1.5万/月,大专,1年经验,,五险一金 通讯补贴 餐饮补贴 年终奖金 定期体检 员工旅游,11-21
431,软件工程师-JAVA,上海波汇科技有限公司,上海,民营公司,1.8-2.5万/月,本科,3-4年经验,,,11-21
432,Java开发工程师,苏州弘瀚自动化科技有限公司,苏州-高新区,民营公司,1.3-2万/月,大专,2年经验,50-150人,餐饮补贴 员工旅游 年终奖金 周末双休 五险一金,11-21
433,Java开发工程师,北京市计算中心有限公司,北京-海淀区,国企,1-1.2万/月,本科,3-4年经验,50-150人,五险一金 带薪年假 弹性工作 交通补贴 通讯补贴 节日福利 餐饮补贴 高温补贴 定期体检 补充医疗保险,11-21
434,002Java开发工程师,苏州弘磊光电有限公司,苏州,民营公司,1-1.5万/月,大专,2年经验,,,11-21
435,002高级Java开发工程师,苏州禾塔科技有限公司,苏州,民营公司,1-1.5万/月,大专,2年经验,,,11-21
436,Java开发工程师,绍兴环思智慧科技股份有限公司,青岛-市北区,上市公司,1.4-2万/月,大专,3-4年经验,500-1000人,通讯补贴 餐饮补贴 交通补贴 节日福利 带薪年假 弹性工作 定期体检 绩效奖金 五险一金 定期团建,11-21
437,Java开发工程师-上海,杭州泰格医药科技股份有限公司,上海-浦东新区,合资,1-1.5万/月,本科,3-4年经验,5000-10000人,五险一金 补充医疗保险 餐饮补贴 定期体检 年终奖金,11-21
438,Java开发工程师,铭凌（江苏）网络科技有限公司,昆山,民营公司,0.8-1万/月,本科,3-4年经验,少于50人,五险一金 餐饮补贴 绩效奖金 年终奖金 员工旅游,11-21
439,JAVA开发工程师,云智（宁波）大数据产业运营服务有限公司,宁波-鄞州区,民营公司,0.5-1万/月,本科,3-4年经验,50-150人,五险一金 周末双休 节假日福利 弹性工作 定期体检 员工旅游,11-21
440,002高级JAVA开发工程师,浙江至元数据科技有限公司,杭州,民营公司,1-1.5万/月,本科,2年经验,,,11-21
441,Java开发工程师,上海众意信息科技有限公司,上海-静安区,民营公司,1.5-2万/月,大专,3-4年经验,150-500人,五险一金 餐饮补贴 员工旅游 交通补贴 年终奖金,11-21
442,Java开发工程师,广东宏大欣电子科技有限公司,广州-越秀区,民营公司,0.8-1.4万/月,本科,3-4年经验,少于50人,五险一金 年终奖金 餐饮补贴 包住 出差补贴,11-21
443,Java初级开发工程师,广州拓尔思大数据有限公司,广州-天河区,上市公司,0.7-1.3万/月,本科,1年经验,150-500人,五险一金 餐饮补贴 通讯补贴 年终奖金 交通补贴 员工旅游,11-21
444,Java中级开发工程师,北京新联财通咨询有限公司,北京,民营公司,1.5-2万/月,大专,2年经验,150-500人,五险一金 餐饮补贴 绩效奖金 交通补贴,11-21
445,Java开发工程师,云南永兴元科技有限公司,玉溪,合资,6-8千/月,大专,1年经验,50-150人,五险一金 专业培训 年终奖金 员工住宿 法定节假日 节日福利,11-21
446,002Java开发工程师,浙达电力科技（杭州）有限公司,杭州,民营公司,1-1.5万/月,本科,2年经验,,,11-21
