职位,公司,薪资,城市,经验,学历,公司性质,公司规模,公司领域,职位详情页,公司详情页
商务数据分析专员,中国药学会科技开发中心,8千-1万,北京·朝阳区,无需经验,硕士,国企,50-150人,学术/科研,https://jobs.51job.com/beijing/140850389.html?s=sou_sou_soulb&t=0_0&req=0005b406614030e27dfd4121662bb5f8,https://jobs.51job.com/all/coVjUBZlAwVWgFYQBjAmY.html
数据分析经理/主管,国泰君安证券股份有限公司,30-50万/年,上海·静安区,2年,硕士,国企,10000人以上,,https://jobs.51job.com/shanghai/145322108.html?s=sou_sou_soulb&t=0_0&req=0005b406614030e27dfd4121662bb5f8,https://jobs.51job.com/all/coAmUCY1Q0VWkAbQZtVjI.html
数据分析师(J10199),无锡尚佰环球电子商务有限公司,1-1.6万·13薪,上海·闵行区,1年,本科,民营,150-500人,服装/纺织/皮革,https://jobs.51job.com/shanghai/148026816.html?s=sou_sou_soulb&t=0_0&req=0005b406614030e27dfd4121662bb5f8,https://jobs.51job.com/all/coUzZWO1A6DjJWNgxuXTo.html
数据分析经理,湖北咿呀医疗投资管理有限公司,1.5-2万,上海·浦东新区,1年,本科,民营,1000-5000人,医疗/护理/卫生,https://jobs.51job.com/shanghai/147097227.html?s=sou_sou_soulb&t=0_0&req=0005b406614030e27dfd4121662bb5f8,https://jobs.51job.com/all/coCWxcPFA6Bz1TPwFnB2o.html
数据分析专员,广州广颖创网络科技有限公司,6-9千,广州,1年,大专,民营,500-1000人,互联网/电子商务,https://jobs.51job.com/guangzhou/146255902.html?s=sou_sou_soulb&t=0_0&req=0005b406614030e27dfd4121662bb5f8,https://jobs.51job.com/all/coVDRdPwBrVGIDbwZjBWM.html
数据分析师,鑫荣懋果业科技集团股份有限公司,1.2-2万·13薪,深圳·龙岗区,3-4年,本科,合资,1000-5000人,快速消费品(食品、饮料、化妆品),https://jobs.51job.com/shenzhen/147051794.html?s=sou_sou_soulb&t=0_0&req=0005b406614030e27dfd4121662bb5f8,https://jobs.51job.com/all/coAmcBYQNhADoHYgNg.html
商务数据分析师,思特威（上海）电子科技股份有限公司,1.5-2.5万·13薪,上海·闵行区,5-7年,本科,外资（欧美）,150-500人,电子技术/半导体/集成电路,https://jobs.51job.com/shanghai/147775588.html?s=sou_sou_soulb&t=0_0&req=0005b406614030e27dfd4121662bb5f8,https://jobs.51job.com/all/coUjZQMgJpDjgEaQFqUDc.html
数据分析师,上海晨曦股权投资基金管理有限公司,8千-1.1万,上海,2年,本科,民营,150-500人,,https://jobs.51job.com/fuzhou/145767263.html?s=sou_sou_soulb&t=0_0&req=0005b406614030e27dfd4121662bb5f8,https://jobs.51job.com/all/coAmMHZgNkBztWM1E6XD8.html
数据分析师（Power BI开发）,友邦资讯科技（广州）有限公司成都分公司,8千-1.1万·13薪,成都,1年,本科,民营,500-1000人,计算机软件,https://jobs.51job.com/chengdu/146850033.html?s=sou_sou_soulb&t=0_0&req=0005b406614030e27dfd4121662bb5f8,https://jobs.51job.com/all/coCGkHZwVnVGgGYlQyVDM.html
数据分析（平台管理员）,广州广颖创网络科技有限公司,8千-1.2万·13薪,广州,1年,本科,民营,500-1000人,互联网/电子商务,https://jobs.51job.com/guangzhou/147154787.html?s=sou_sou_soulb&t=0_0&req=0005b406614030e27dfd4121662bb5f8,https://jobs.51job.com/all/coVDRdPwBrVGIDbwZjBWM.html
数据分析,达喏人工智能科技（上海）有限公司,1-1.5万·14薪,上海·黄浦区,2年,本科,民营,500-1000人,电子技术/半导体/集成电路,https://jobs.51job.com/shanghai/141009857.html?s=sou_sou_soulb&t=0_0&req=0403c241a061dc56d057f5add65f137f,https://jobs.51job.com/all/coAWAGYFM2UWxSNlAwB2c.html
数据分析师,广州丝一美容美发品有限公司,9千-1.6万,广州·白云区,2年,本科,民营,500-1000人,美容/保健,https://jobs.51job.com/guangzhou/137736939.html?s=sou_sou_soulb&t=0_0&req=0403c241a061dc56d057f5add65f137f,https://jobs.51job.com/all/coAmEHYAJmUmQDb1YwBmA.html
运营数据分析,深圳市云乔诚科技有限公司,9千-1.4万·13薪,广州·天河区,1年,本科,民营,少于50人,计算机软件,https://jobs.51job.com/guangzhou/140311263.html?s=sou_sou_soulb&t=0_0&req=0403c241a061dc56d057f5add65f137f,https://jobs.51job.com/all/coVjcAZVcyUWlWMgxsUDc.html
数据分析师,四川新升投资集团有限公司,8千-1.2万,成都·高新区,3-4年,大专,民营,500-1000人,多元化业务集团公司,https://jobs.51job.com/deyang/143283769.html?s=sou_sou_soulb&t=0_0&req=0005b406614030e27dfd4121662bb5f8,https://jobs.51job.com/all/coUjdVNlI5VGoCYANlVzE.html
Python数据分析师,上海特思尔大宇宙商务咨询有限公司,8千-1万·13薪,上海·静安区,1年,本科,外资（非欧美）,1000-5000人,互联网/电子商务,https://jobs.51job.com/shanghai/144903826.html?s=sou_sou_soulb&t=0_0&req=0403c241a061dc56d057f5add65f137f,https://jobs.51job.com/all/coCGpRNFA1VmwHZVY2VzE.html
资深数据分析师(经营分析),虎彩印艺股份有限公司,1.6-2.5万·16薪,东莞·松山湖区,8-9年,本科,民营,1000-5000人,印刷/包装/造纸,https://jobs.51job.com/shenzhen/148592590.html?s=sou_sou_soulb&t=0_1&req=0403c241a061dc56d057f5add65f137f,https://jobs.51job.com/all/coUjUHYwRjVG0EZgNl.html
计量数据分析师 (MJ000174),卡尔蔡司光学（中国）有限公司,1-2万·14薪,广州·黄埔区,3-4年,硕士,外资（欧美）,1000-5000人,多元化业务集团公司,https://jobs.51job.com/guangzhou/147354272.html?s=sou_sou_soulb&t=0_0&req=0403c241a061dc56d057f5add65f137f,https://jobs.51job.com/all/coCG9XMwJnAD4BZQJk.html
数据分析,上海递家品牌管理有限公司,9千-1.1万,深圳·南山区,3-4年,本科,民营,150-500人,服装/纺织/皮革,https://jobs.51job.com/shenzhen/146567059.html?s=sou_sou_soulb&t=0_0&req=0403c241a061dc56d057f5add65f137f,https://jobs.51job.com/all/coAGBWOl84BzkPb1QyBmM.html
销售数据分析,美团,2-3万,北京·朝阳区,5-7年,,已上市,10000人以上,,https://jobs.51job.com/beijing/148382543.html?s=sou_sou_soulb&t=0_0&req=0005b406614030e27dfd4121662bb5f8,https://jobs.51job.com/all/coBWcGZl49Az1WNlAxBmU.html
数据分析师,上海艾麒信息科技股份有限公司,1-2万·13薪,上海,1年,本科,民营,150-500人,通信/电信/网络设备,https://jobs.51job.com/shanghai/145572522.html?s=sou_sou_soulb&t=0_0&req=0005b406614030e27dfd4121662bb5f8,https://jobs.51job.com/all/coA2dVMwRvUW4Cb1Y3AmM.html
数据分析算法工程师、,东莞市拓能电子科技有限公司,1-1.5万·14薪,深圳,1年,本科,民营,50-150人,电子技术/半导体/集成电路,https://jobs.51job.com/shenzhen/147927260.html?s=sou_sou_soulb&t=0_0&req=0005b406614030e27dfd4121662bb5f8,https://jobs.51job.com/all/coVTBcMARjUWsFYw1vAmM.html
数据分析专员,广东子品实业发展有限公司,5-6千,广州·番禺区,1年,大专,民营,50-150人,制药/生物工程,https://jobs.51job.com/guangzhou/138816340.html?s=sou_sou_soulb&t=0_0&req=0005b406614030e27dfd4121662bb5f8,https://jobs.51job.com/all/coUzACZwNlVm4FYAFrB2U.html
销售数据分析,美团,2-3万,北京·朝阳区,3-4年,,已上市,10000人以上,,https://jobs.51job.com/beijing/148373862.html?s=sou_sou_soulb&t=0_0&req=0005b406614030e27dfd4121662bb5f8,https://jobs.51job.com/all/coBWcGZl49Az1WNlAxBmU.html
Python数据分析师,西安晟启科技有限公司,8千-1.3万,深圳·南山区,无需经验,本科,民营,少于50人,计算机软件,https://jobs.51job.com/wuhan/142553625.html?s=sou_sou_soulb&t=0_0&req=0005b406614030e27dfd4121662bb5f8,https://jobs.51job.com/all/coVjZUOVMzADkGZ1Y0VTk.html
数据分析算法工程师,东莞市拓能电子科技有限公司,1.2-1.5万·13薪,深圳,2年,本科,民营,50-150人,电子技术/半导体/集成电路,https://jobs.51job.com/shenzhen/147926590.html?s=sou_sou_soulb&t=0_0&req=0005b406614030e27dfd4121662bb5f8,https://jobs.51job.com/all/coVTBcMARjUWsFYw1vAmM.html
环境空气监测数据分析,广东省深圳生态环境监测中心站,25-30万/年,深圳,1年,博士,事业单位,150-500人,环保,https://jobs.51job.com/shenzhen/142802218.html?s=sou_sou_soulb&t=0_0&req=0005b406614030e27dfd4121662bb5f8,https://jobs.51job.com/all/coUjdXMQRnAjUFaAZjUzY.html
数据分析师,广州市阿尔法软件信息技术有限公司,8千-1.2万,广州·天河区,1年,硕士,民营,50-150人,计算机服务(系统、数据服务、维修),https://jobs.51job.com/guangzhou/143977373.html?s=sou_sou_soulb&t=0_0&req=0005b406614030e27dfd4121662bb5f8,https://jobs.51job.com/all/coB2MAZgRnUm0CYVM5UTQ.html
电商数据分析助理,深圳市云乔诚科技有限公司,9千-1.5万·13薪,广州·海珠区,1年,本科,民营,少于50人,计算机软件,https://jobs.51job.com/guangzhou/140309542.html?s=sou_sou_soulb&t=0_0&req=0403c241a061dc56d057f5add65f137f,https://jobs.51job.com/all/coVjcAZVcyUWlWMgxsUDc.html
数据分析师(J10856),上海特思尔大宇宙商务咨询有限公司,8千-1万·13薪,上海·静安区,1年,本科,外资（非欧美）,1000-5000人,互联网/电子商务,https://jobs.51job.com/shanghai/144903946.html?s=sou_sou_soulb&t=0_0&req=0403c241a061dc56d057f5add65f137f,https://jobs.51job.com/all/coCGpRNFA1VmwHZVY2VzE.html
临床数据分析师,乐普生物科技股份有限公司,1.5-2.5万·14薪,北京·昌平区,2年,硕士,已上市,500-1000人,制药/生物工程,https://jobs.51job.com/beijing/145086288.html?s=sou_sou_soulb&t=0_0&req=0403c241a061dc56d057f5add65f137f,https://jobs.51job.com/all/coUzMFZlQwATZVNFY0VTc.html
数据分析师,上海怡海软件技术有限公司,1-1.5万,上海,2年,本科,外资（非欧美）,50-150人,计算机服务(系统、数据服务、维修),https://jobs.51job.com/shanghai/147375826.html?s=sou_sou_soulb&t=0_0&req=0403c241a061dc56d057f5add65f137f,https://jobs.51job.com/all/coB2NSMlM2Vm8FYVQxB2A.html
数据分析专员,上海汉启通信设备发展有限公司,6-8千,上海·浦东新区,1年,大专,合资,150-500人,通信/电信/网络设备,https://jobs.51job.com/shanghai/141701636.html?s=sou_sou_soulb&t=0_0&req=0403c241a061dc56d057f5add65f137f,https://jobs.51job.com/all/coAWUCbgJhDzdRM1E1B2c.html
数据分析（经济数据）,深圳格隆汇信息科技有限公司,1-2万,深圳·南山区,2年,本科,民营,150-500人,金融/投资/证券,https://jobs.51job.com/shenzhen/134744868.html?s=sou_sou_soulb&t=0_0&req=0403c241a061dc56d057f5add65f137f,https://jobs.51job.com/all/coUjAHZ1U2VG8BZwNiUT0.html
数据分析岗（风险管理方向）,安信联合物流有限公司,8千-1.2万,北京·朝阳区,2年,本科,国企,150-500人,交通/运输/物流,https://jobs.51job.com/beijing/148461755.html?s=sou_sou_soulb&t=0_0&req=0403c241a061dc56d057f5add65f137f,https://jobs.51job.com/all/coVTBcOFU1VWIBZANiXTw.html
商品数据分析,广州市戈诺伊服饰有限公司,5-8千,广州·番禺区,2年,大专,民营,150-500人,服装/纺织/皮革,https://jobs.51job.com/guangzhou/146405938.html?s=sou_sou_soulb&t=0_0&req=0403c241a061dc56d057f5add65f137f,https://jobs.51job.com/all/coVjRWN1cxDzIDbg1oUTU.html
数据分析师,雪纤瘦纤体美容（深圳）有限公司,1.5-2.5万,深圳·福田区,5-7年,本科,外资（非欧美）,150-500人,美容/保健,https://jobs.51job.com/shenzhen/144790415.html?s=sou_sou_soulb&t=0_0&req=0403c241a061dc56d057f5add65f137f,https://jobs.51job.com/all/coCW0FaABjBTtTMAxtXT4.html
数据分析经理-生活服务,字节跳动,3-4.5万,北京,3-4年,本科,民营,10000人以上,计算机软件,https://jobs.51job.com/beijing/147172192.html?s=sou_sou_soulb&t=0_0&req=a46b63d116cdf95da8da01a55d2e7e4a,https://jobs.51job.com/all/coUzdTMANlATdTNAFgB2U.html
数据分析师（零售）,上海爱婴室商务服务股份有限公司,9千-1.3万·16薪,上海·浦东新区,3-4年,本科,已上市,1000-5000人,互联网/电子商务,https://jobs.51job.com/shanghai/147215415.html?s=sou_sou_soulb&t=0_0&req=a46b63d116cdf95da8da01a55d2e7e4a,https://jobs.51job.com/all/coAGcAY1U1ATdTNQNj.html
数据分析专员,广东广信通信服务有限公司,9-12万/年,深圳·福田区,2年,本科,国企,5000-10000人,通信/电信/网络设备,https://jobs.51job.com/shenzhen/147296629.html?s=sou_sou_soulb&t=0_0&req=a46b63d116cdf95da8da01a55d2e7e4a,https://jobs.51job.com/all/coUjMAYlM1BTwEYgJnXTo.html
数据分析工程师,上海化工院检测有限公司,7千-1.2万,上海·普陀区,无需经验,本科,国企,150-500人,石油/化工/矿产/地质,https://jobs.51job.com/shanghai/140661976.html?s=sou_sou_soulb&t=0_0&req=a46b63d116cdf95da8da01a55d2e7e4a,https://jobs.51job.com/all/coVjVQM1M1Aj4GYA1pUzY.html
数据分析师-抖音生活服务,字节跳动,2.5-5万,成都,无需经验,本科,民营,10000人以上,计算机软件,https://jobs.51job.com/chengdu/145712474.html?s=sou_sou_soulb&t=0_0&req=a46b63d116cdf95da8da01a55d2e7e4a,https://jobs.51job.com/all/coUzdTMANlATdTNAFgB2U.html
高级数据分析师,唯品会（中国）有限公司,1-2万·16薪,广州·荔湾区,5-7年,本科,已上市,10000人以上,互联网/电子商务,https://jobs.51job.com/guangzhou/145852394.html?s=sou_sou_soulb&t=0_0&req=a46b63d116cdf95da8da01a55d2e7e4a,https://jobs.51job.com/all/coAWVSMVc9DjACYlM0VTk.html
资深商品数据分析员/主管,广州叡君服装有限公司,6-8千,广州·白云区,2年,大专,民营,150-500人,,https://jobs.51job.com/guangzhou/146569767.html?s=sou_sou_soulb&t=0_0&req=a46b63d116cdf95da8da01a55d2e7e4a,https://jobs.51job.com/all/coVTAHYlM0VGkHYQRuVzM.html
总行金融科技部-安全运营岗-安全数据分析方向,中国光大银行总行,,北京,2年,本科,国企,10000人以上,,https://jobs.51job.com/beijing/147583501.html?s=sou_sou_soulb&t=0_0&req=a46b63d116cdf95da8da01a55d2e7e4a,https://jobs.51job.com/all/coVDAHY1E6Bj9SNQ1nUzY.html
生活服务数据分析负责人-客服平台,字节跳动,4-7万,北京,无需经验,本科,民营,10000人以上,计算机软件,https://jobs.51job.com/beijing/143172564.html?s=sou_sou_soulb&t=0_0&req=a46b63d116cdf95da8da01a55d2e7e4a,https://jobs.51job.com/all/coUzdTMANlATdTNAFgB2U.html
渠道策略分析师（数据分析）,索菲亚家居股份有限公司,1.5-2万,广州·天河区,5-7年,本科,已上市,10000人以上,家具/家电/玩具/礼品,https://jobs.51job.com/guangzhou/142610526.html?s=sou_sou_soulb&t=0_0&req=a46b63d116cdf95da8da01a55d2e7e4a,https://jobs.51job.com/all/coCW0HZgRjADlTNAdhAmM.html
医药运营数据分析专员,国药集团西南医药有限公司,6-7千,成都·武侯区,无需经验,本科,国企,500-1000人,制药/生物工程,https://jobs.51job.com/chengdu/143985944.html?s=sou_sou_soulb&t=0_0&req=a46b63d116cdf95da8da01a55d2e7e4a,https://jobs.51job.com/all/coCGwBbFIxUmoBZAFgVDY.html
数据 分析师 统计师,喜士多便利店C-STORE-零售业-连锁,1.5-2.5万·13薪,上海·静安区,1年,本科,民营,1000-5000人,互联网/电子商务,https://jobs.51job.com/shanghai/144044290.html?s=sou_sou_soulb&t=0_0&req=a46b63d116cdf95da8da01a55d2e7e4a,https://jobs.51job.com/all/coAmZVMFM1ATlVNAVh.html
餐饮行业运营-数据分析-生活服务,字节跳动,1.8-2.5万,上海,3-4年,本科,民营,10000人以上,计算机软件,https://jobs.51job.com/shanghai/140322626.html?s=sou_sou_soulb&t=0_0&req=a46b63d116cdf95da8da01a55d2e7e4a,https://jobs.51job.com/all/coUzdTMANlATdTNAFgB2U.html
电力数据分析员电力交易员,上海尚弗能源环境科技有限公司,8千-1.5万,上海·闵行区,3-4年,大专,民营,少于50人,环保,https://jobs.51job.com/shanghai/136533148.html?s=sou_sou_soulb&t=0_0&req=a46b63d116cdf95da8da01a55d2e7e4a,https://jobs.51job.com/all/coAWRdOVc0U2lTMgxrVzY.html
数据分析师,深圳嘉立创科技集团股份有限公司,1.5-3万,深圳·福田区,3-4年,本科,民营,5000-10000人,电子技术/半导体/集成电路,https://jobs.51job.com/shenzhen/146691662.html?s=sou_sou_soulb&t=0_0&req=a46b63d116cdf95da8da01a55d2e7e4a,https://jobs.51job.com/all/coBGFdPVY1AjhSMlYxXDs.html
产品数据分析师,浙江正裕工业股份有限公司,1-2万·13薪,上海·静安区,3-4年,大专,已上市,1000-5000人,机械/设备/重工,https://jobs.51job.com/shanghai/147660917.html?s=sou_sou_soulb&t=0_0&req=a46b63d116cdf95da8da01a55d2e7e4a,https://jobs.51job.com/all/coAmJQPAJlAD0OagJjAGQ.html
商品专员 货品管理 数据分析,爱特爱服饰（深圳）有限公司,6-8千,深圳·龙华区,无需经验,大专,外资（非欧美）,1000-5000人,,https://jobs.51job.com/shenzhen/127169911.html?s=sou_sou_soulb&t=0_0&req=0403c241a061dc56d057f5add65f137f,https://jobs.51job.com/all/coAGVWMV87BTpWMgNgXD4.html
国际电商 - 数据分析师（产品分析）,字节跳动,3-6万,上海,无需经验,本科,民营,10000人以上,计算机软件,https://jobs.51job.com/shanghai/142910544.html?s=sou_sou_soulb&t=0_0&req=a46b63d116cdf95da8da01a55d2e7e4a,https://jobs.51job.com/all/coUzdTMANlATdTNAFgB2U.html
珠宝货品结构数据分析师,深圳市拉准科技有限公司,8千-1.3万,深圳,3-4年,大专,民营,少于50人,,https://jobs.51job.com/shenzhen/148632397.html?s=sou_sou_soulb&t=0_0&req=225b859eca31f533d90129bfd827ba71,https://jobs.51job.com/all/coCGkAbFY2Bz5VNQFlXTg.html
财务数据分析专员,上海卓赢丰科技有限公司,8千-1.5万·13薪,上海·浦东新区,1年,本科,民营,少于50人,计算机服务(系统、数据服务、维修),https://jobs.51job.com/shanghai/147816157.html?s=sou_sou_soulb&t=0_0&req=225b859eca31f533d90129bfd827ba71,https://jobs.51job.com/all/coVjYBbQBrDzAFYQBmB2E.html
渠道数据分析主管,欧葩琪（上海）化妆品有限公司,1.2-1.8万·14薪,上海·徐汇区,3-4年,大专,外资（非欧美）,50-150人,,https://jobs.51job.com/shanghai/147790952.html?s=sou_sou_soulb&t=0_0&req=0403c241a061dc56d057f5add65f137f,https://jobs.51job.com/all/coUzMFaV84VWoEYFY9Bmc.html
数据分析师,广东泰迪智能科技股份有限公司,8-15万/年,广州·黄埔区,2年,本科,民营,150-500人,教育/培训/院校,https://jobs.51job.com/guangzhou/144648220.html?s=sou_sou_soulb&t=0_0&req=0403c241a061dc56d057f5add65f137f,https://jobs.51job.com/all/coA2FcOANoBjoEaFEzVzc.html
物流数据分析助理+双休/包住,广州市和鑫科技有限公司,8千-1万,广州·白云区,无需经验,本科,民营,50-150人,计算机软件,https://jobs.51job.com/guangzhou/134055604.html?s=sou_sou_soulb&t=0_0&req=0403c241a061dc56d057f5add65f137f,https://jobs.51job.com/all/coVTVVNQdjDjIPagRhVjQ.html
商品数据分析,广东鸿大服饰有限公司,5-6.5千,广州·白云区,2年,大专,民营,150-500人,批发/零售,https://jobs.51job.com/guangzhou/141232874.html?s=sou_sou_soulb&t=0_0&req=225b859eca31f533d90129bfd827ba71,https://jobs.51job.com/all/coB2ddMQRvAD5TMAxrUDw.html
数据分析师助理,贵州省创敢科技有限责任公司,7.5-9千,深圳·福田区,无需经验,大专,民营,少于50人,,https://jobs.51job.com/shenzhen/146984598.html?s=sou_sou_soulb&t=0_0&req=225b859eca31f533d90129bfd827ba71,https://jobs.51job.com/all/coCGlcOlUwBjEEYQVvBmE.html
商品数据分析专员,东莞市金龙珠宝首饰有限公司,8千-1万·13薪,东莞·厚街镇,3-4年,大专,民营,500-1000人,奢侈品/收藏品/工艺品/珠宝,https://jobs.51job.com/shenzhen/145507937.html?s=sou_sou_soulb&t=0_1&req=225b859eca31f533d90129bfd827ba71,https://jobs.51job.com/all/coA2dRMFc3DjNVMlYxBmc.html
财务数据分析专员,立邦投资有限公司,1-1.5万·14薪,上海,2年,本科,外资（非欧美）,5000-10000人,石油/化工/矿产/地质,https://jobs.51job.com/shanghai/148654868.html?s=sou_sou_soulb&t=0_0&req=225b859eca31f533d90129bfd827ba71,https://jobs.51job.com/all/coA2dXNVMxBTMHYVQ3XTw.html
温室气体数据分析师,广东旭诚科技有限公司,8千-1.1万,广州·海珠区,无需经验,硕士,民营,150-500人,环保,https://jobs.51job.com/beijing/148643967.html?s=sou_sou_soulb&t=0_0&req=225b859eca31f533d90129bfd827ba71,https://jobs.51job.com/all/coBGEHZFQ_BTgDYlc8UDQ.html
产品数据分析（珠宝）,深圳有品克拉首饰管理有限公司,8千-1.2万,深圳·罗湖区,3-4年,大专,民营,500-1000人,奢侈品/收藏品/工艺品/珠宝,https://jobs.51job.com/shenzhen/148616877.html?s=sou_sou_soulb&t=0_0&req=225b859eca31f533d90129bfd827ba71,https://jobs.51job.com/all/coAWBdOlI4BTxTNwFrVzY.html
数据分析师-生活服务（商家平台方向）,字节跳动,2-4万,上海,无需经验,本科,民营,10000人以上,计算机软件,https://jobs.51job.com/shanghai/137616612.html?s=sou_sou_soulb&t=0_0&req=a96084c285971b46d39385a3cedd9396,https://jobs.51job.com/all/coUzdTMANlATdTNAFgB2U.html
美团外卖-数据分析师,美团,1.5-3万,北京·朝阳区,3-4年,,已上市,10000人以上,,https://jobs.51job.com/beijing/148614578.html?s=sou_sou_soulb&t=0_0&req=225b859eca31f533d90129bfd827ba71,https://jobs.51job.com/all/coBWcGZl49Az1WNlAxBmU.html
销售企划/销售数据分析担当（韩语）,锦湖（中国）轮胎销售有限公司,7千-1.4万,上海·闵行区,1年,本科,外资（非欧美）,150-500人,汽车,https://jobs.51job.com/shanghai/137778251.html?s=sou_sou_soulb&t=0_0&req=225b859eca31f533d90129bfd827ba71,https://jobs.51job.com/all/coAWZcO18-AjQHawdmBWE.html
数据分析师,深圳市捷佳伟创新能源装备股份有限公司,1.5-1.8万,深圳·坪山区,2年,本科,已上市,1000-5000人,机械/设备/重工,https://jobs.51job.com/shenzhen/148631910.html?s=sou_sou_soulb&t=0_0&req=225b859eca31f533d90129bfd827ba71,https://jobs.51job.com/all/coUjYCYQdkBjxWMlQ0VDI.html
数据分析师,“前程无忧”51job.com（上海）,1.5-2万,上海·浦东新区,2年,本科,外资（非欧美）,1000-5000人,专业服务(咨询、人力资源、财会),https://51rz.51job.com/job.html?jobid=145800771,https://51rz.51job.com/job.html?jobid=71752221&coid=1249
数据分析建模岗,吉致汽车金融有限公司,,上海,2年,本科,合资,150-500人,银行,https://jobs.51job.com/shanghai/147454397.html?s=sou_sou_soulb&t=0_0&req=a96084c285971b46d39385a3cedd9396,https://jobs.51job.com/all/coAWRTMV89BDkCZwNhVTA.html
销售数据分析专家,美团,2-3万,上海·杨浦区,3-4年,,已上市,10000人以上,,https://jobs.51job.com/shanghai/148616196.html?s=sou_sou_soulb&t=0_0&req=225b859eca31f533d90129bfd827ba71,https://jobs.51job.com/all/coBWcGZl49Az1WNlAxBmU.html
数据分析师（建模方向）,陆金申华融资租赁（上海）有限公司,1.5-3万,上海·浦东新区,2年,本科,合资,50-150人,金融/投资/证券,https://jobs.51job.com/shanghai/146578166.html?s=sou_sou_soulb&t=0_0&req=a96084c285971b46d39385a3cedd9396,https://jobs.51job.com/all/coCG1cP1YzBj4CYgNiUTA.html
游戏运营-数据分析师,上海成蹊信息科技有限公司,1-2万,上海·徐汇区,2年,本科,民营,150-500人,互联网/电子商务,https://jobs.51job.com/shanghai/115385053.html?s=sou_sou_soulb&t=0_0&req=a96084c285971b46d39385a3cedd9396,https://jobs.51job.com/all/coBGECZF81BzgAZgJlAWY.html
国际电商 - 数据分析师,字节跳动,3-6万,北京,3-4年,本科,民营,10000人以上,计算机软件,https://jobs.51job.com/beijing/135880197.html?s=sou_sou_soulb&t=0_0&req=a96084c285971b46d39385a3cedd9396,https://jobs.51job.com/all/coUzdTMANlATdTNAFgB2U.html
500强-项目数据分析,上海共添市场营销服务股份有限公司,6-8千,上海·黄浦区,3-4年,大专,民营,500-1000人,快速消费品(食品、饮料、化妆品),https://jobs.51job.com/shanghai/138876556.html?s=sou_sou_soulb&t=0_0&req=a96084c285971b46d39385a3cedd9396,https://jobs.51job.com/all/coVjFTNlYyUmkAYwBlVzs.html
总公司数据分析岗 (009136),华泰财产保险有限公司,1.5-2.5万,北京,3-4年,硕士,外资（欧美）,500-1000人,保险,https://jobs.51job.com/beijing/146627224.html?s=sou_sou_soulb&t=0_0&req=a46b63d116cdf95da8da01a55d2e7e4a,https://jobs.51job.com/all/coAmYCYVU_VGhWOlczUz8.html
数据分析专员or实习生,广州茉初传媒有限公司,6-8千,广州·海珠区,1年,本科,民营,50-150人,奢侈品/收藏品/工艺品/珠宝,https://jobs.51job.com/guangzhou/146954168.html?s=sou_sou_soulb&t=0_0&req=a46b63d116cdf95da8da01a55d2e7e4a,https://jobs.51job.com/all/coUzJWNFMwBjxVMlQ-VDQ.html
数据分析师（亚马逊补货）,广州芒果尚品网络科技有限公司,7千-1.2万,广州·白云区,2年,本科,民营,50-150人,服装/纺织/皮革,https://jobs.51job.com/guangzhou/148357346.html?s=sou_sou_soulb&t=0_0&req=a46b63d116cdf95da8da01a55d2e7e4a,https://jobs.51job.com/all/coBmZWNlc2DzZWMFc3Ujc.html
初级数据分析师,辰诺（上海）国际贸易有限公司,9千-1.5万,上海,2年,硕士,民营,50-150人,贸易/进出口,https://jobs.51job.com/shanghai/147509958.html?s=sou_sou_soulb&t=0_0&req=225b859eca31f533d90129bfd827ba71,https://jobs.51job.com/all/coCGgHZAVvUm8OawRhVjQ.html
数据分析工程师,四川久环环境技术有限责任公司,4-6千,成都·金堂县,1年,本科,民营,50-150人,仪器仪表/工业自动化,https://jobs.51job.com/chengdu/148646860.html?s=sou_sou_soulb&t=0_0&req=225b859eca31f533d90129bfd827ba71,https://jobs.51job.com/all/coBmJdMABgATcOaQFqXDw.html
游戏运营-数据分析师,上海成蹊信息科技有限公司,1-2万,上海·徐汇区,2年,本科,民营,150-500人,互联网/电子商务,https://jobs.51job.com/shanghai/144462918.html?s=sou_sou_soulb&t=0_0&req=225b859eca31f533d90129bfd827ba71,https://jobs.51job.com/all/coBGECZF81BzgAZgJlAWY.html
数据分析专员,北京方圣时尚有限公司,6-7千,北京·东城区,无需经验,本科,民营,500-1000人,服装/纺织/皮革,https://jobs.51job.com/beijing/145748379.html?s=sou_sou_soulb&t=0_0&req=a96084c285971b46d39385a3cedd9396,https://jobs.51job.com/all/coBWVUMVIzU24GZgVnVDA.html
互联网呼叫中心数据分析岗,中国人民健康保险股份有限公司深圳分公司,8千-1.5万,深圳·罗湖区,2年,本科,国企,150-500人,互联网/电子商务,https://jobs.51job.com/shenzhen/148602630.html?s=sou_sou_soulb&t=0_0&req=225b859eca31f533d90129bfd827ba71,https://jobs.51job.com/all/coVTJcOFM3DjgHZlE3BWI.html
教导/教务处（数据分析师）,上海星慧源科技有限公司,7.5-8千,上海,1年,本科,合资,少于50人,计算机软件,https://jobs.51job.com/shanghai/143618165.html?s=sou_sou_soulb&t=0_0&req=225b859eca31f533d90129bfd827ba71,https://jobs.51job.com/all/coBWFVOQNhBTtSMwdtAmE.html
大数据分析,光谷动力（北京）科技有限公司,8千-1.2万,北京·海淀区,2年,大专,民营,,计算机软件,https://jobs.51job.com/beijing/148361830.html?s=sou_sou_soulb&t=0_0&req=a96084c285971b46d39385a3cedd9396,https://jobs.51job.com/all/coAWBTP1Q3DzkGY1EwUTI.html
资源管理-数据分析方向,字节跳动,1.5-3.5万,北京,3-4年,本科,民营,10000人以上,计算机软件,https://jobs.51job.com/beijing/131663738.html?s=sou_sou_soulb&t=0_0&req=a96084c285971b46d39385a3cedd9396,https://jobs.51job.com/all/coUzdTMANlATdTNAFgB2U.html
数据分析助理（月薪12K起+双休）,广州丰荣发展有限公司,9千-1.8万·14薪,广州·越秀区,1年,本科,民营,,计算机软件,https://jobs.51job.com/guangzhou/142709453.html?s=sou_sou_soulb&t=0_0&req=a96084c285971b46d39385a3cedd9396,https://jobs.51job.com/all/coVTQAZ1EwBDxWN1E0VjA.html
模型数据分析师,安客诚信息服务（上海）有限公司,1.5-2万,上海·徐汇区,3-4年,本科,外资（欧美）,150-500人,计算机软件,https://jobs.51job.com/shanghai/128862781.html?s=sou_sou_soulb&t=0_0&req=a96084c285971b46d39385a3cedd9396,https://jobs.51job.com/all/coVTFRNlI3UWtVNQFkBWc.html
数据分析师,瑞泰人寿保险有限公司,1-1.5万,北京·海淀区,5-7年,本科,合资,500-1000人,保险,https://jobs.51job.com/beijing/147071239.html?s=sou_sou_soulb&t=0_0&req=a96084c285971b46d39385a3cedd9396,https://jobs.51job.com/all/coAGRQN1I5ADYFZlA6UTY.html
数据分析工程师,字节跳动,1.5-3万,上海,无需经验,本科,民营,10000人以上,计算机软件,https://jobs.51job.com/shanghai/130711322.html?s=sou_sou_soulb&t=0_0&req=a96084c285971b46d39385a3cedd9396,https://jobs.51job.com/all/coUzdTMANlATdTNAFgB2U.html
商品数据分析师(J10180),新宇集团,1-1.5万,上海·长宁区,3-4年,本科,合资,5000-10000人,奢侈品/收藏品/工艺品/珠宝,https://jobs.51job.com/shanghai/141080694.html?s=sou_sou_soulb&t=0_0&req=a96084c285971b46d39385a3cedd9396,https://jobs.51job.com/all/coCW5RMgNnBjlTMwZg.html
数据分析师,广州灵思互联网科技股份有限公司,8千-1万,广州·天河区,3-4年,大专,民营,少于50人,电子技术/半导体/集成电路,https://jobs.51job.com/guangzhou/148640105.html?s=sou_sou_soulb&t=0_0&req=225b859eca31f533d90129bfd827ba71,https://jobs.51job.com/all/coAWBTN1Q_Bz4BYAJhB2Q.html
数据分析专员,深圳诚至金开科技有限公司,7千-1万,深圳·罗湖区,1年,本科,民营,少于50人,计算机软件,https://jobs.51job.com/shenzhen/148574865.html?s=sou_sou_soulb&t=0_0&req=225b859eca31f533d90129bfd827ba71,https://jobs.51job.com/all/coVDcCYFY8VGgGYVYzAWE.html
高级数据分析师Sr. Data Analyst,安客诚信息服务（上海）有限公司,1.5-2万,上海·徐汇区,3-4年,本科,外资（欧美）,150-500人,计算机软件,https://jobs.51job.com/shanghai/109058606.html?s=sou_sou_soulb&t=0_0&req=a96084c285971b46d39385a3cedd9396,https://jobs.51job.com/all/coVTFRNlI3UWtVNQFkBWc.html
数据分析师,点奇互联（北京）科技有限公司,8千-1.5万,北京·海淀区,1年,大专,民营,,电子技术/半导体/集成电路,https://jobs.51job.com/shijiazhuang/140870176.html?s=sou_sou_soulb&t=0_0&req=a96084c285971b46d39385a3cedd9396,https://jobs.51job.com/all/coUTBSNFI0AjxUMFA7AmA.html
抖音高级数据分析师 - 用户增长方向,字节跳动,3.5-5万,北京,3-4年,本科,民营,10000人以上,计算机软件,https://jobs.51job.com/beijing/147166074.html?s=sou_sou_soulb&t=0_0&req=a96084c285971b46d39385a3cedd9396,https://jobs.51job.com/all/coUzdTMANlATdTNAFgB2U.html
数据分析师,上海菁淇信息科技有限公司,1-1.5万,上海·长宁区,2年,本科,合资,50-150人,计算机软件,https://jobs.51job.com/shanghai/132398875.html?s=sou_sou_soulb&t=0_0&req=a96084c285971b46d39385a3cedd9396,https://jobs.51job.com/all/coVjZSNANkAz5TNgZnUzY.html
化妆品功效测试数据分析及报告工程师,SGS通标标准技术服务有限公司广州分公司,6-9千,广州,1年,本科,合资,1000-5000人,多元化业务集团公司,http://sgs.51job.com/sc/show_job_detail.html?jobid=148581508,http://sgs.51job.com/
数据分析师,点奇互联（北京）科技有限公司,8千-1.5万,北京·海淀区,1年,大专,民营,,电子技术/半导体/集成电路,https://jobs.51job.com/zhangjiakou/140870179.html?s=sou_sou_soulb&t=0_0&req=a96084c285971b46d39385a3cedd9396,https://jobs.51job.com/all/coUTBSNFI0AjxUMFA7AmA.html
